phase,t,roadKmh,shown,needleDeg,gear,rpm,slipDeg,airborne
wheelspin,0.01,1.9,2,123.1,1,3588,0.0,False
wheelspin,0.01,1.9,2,123.1,1,3588,0.0,False
wheelspin,0.02,1.9,2,123.1,1,3588,0.0,False
wheelspin,0.03,1.9,2,123.1,1,3588,0.0,False
wheelspin,0.03,1.9,2,123.1,1,3588,0.0,False
wheelspin,0.04,1.9,2,123.1,1,3588,0.0,False
wheelspin,0.05,1.9,2,123.1,1,3588,0.0,False
wheelspin,0.05,1.9,2,123.1,1,3588,0.0,False
wheelspin,0.06,1.9,2,123.1,1,3588,0.0,False
wheelspin,0.07,1.9,2,123.1,1,3588,0.0,False
wheelspin,0.07,1.7,2,123.1,1,3588,0.0,False
wheelspin,0.08,1.7,2,123.1,1,3588,0.0,False
wheelspin,0.09,1.7,2,123.1,1,3588,0.0,False
wheelspin,0.09,1.7,2,123.1,1,3588,0.0,False
wheelspin,0.10,1.7,2,123.1,1,3588,0.0,False
wheelspin,0.11,1.7,2,123.1,1,3588,0.0,False
wheelspin,0.11,1.7,2,123.1,1,3588,0.0,False
wheelspin,0.12,1.7,2,123.1,1,3588,0.0,False
wheelspin,0.13,1.7,2,123.1,1,3588,0.0,False
wheelspin,0.13,1.7,2,123.1,1,3588,0.0,False
wheelspin,0.14,1.8,2,123.1,1,3588,0.0,False
wheelspin,0.15,1.8,2,123.1,1,3588,0.0,False
wheelspin,0.15,1.8,2,123.1,1,3588,0.0,False
wheelspin,0.16,1.8,2,123.1,1,3588,0.0,False
wheelspin,0.17,1.8,2,123.1,1,3588,0.0,False
wheelspin,0.18,1.8,2,123.1,1,3588,0.0,False
wheelspin,0.18,1.8,2,123.2,1,3588,0.0,False
wheelspin,0.19,1.8,2,123.1,1,3588,0.0,False
wheelspin,0.20,1.8,2,123.1,1,3588,0.0,False
wheelspin,0.20,1.8,2,123.1,1,3588,0.0,False
wheelspin,0.21,1.8,2,123.1,1,3588,0.0,False
wheelspin,0.22,1.8,2,123.1,1,3588,0.0,False
wheelspin,0.22,1.8,2,123.1,1,3588,0.0,False
wheelspin,0.23,1.8,2,123.1,1,3588,0.0,False
wheelspin,0.23,1.8,2,123.1,1,3588,0.0,False
wheelspin,0.24,1.8,2,123.1,1,3588,0.0,False
wheelspin,0.25,1.8,2,123.1,1,3588,0.0,False
wheelspin,0.26,1.8,2,123.1,1,3588,0.0,False
wheelspin,0.26,1.8,2,123.1,1,3588,0.0,False
wheelspin,0.27,1.8,2,123.1,1,3588,0.0,False
wheelspin,0.27,1.8,2,123.1,1,3588,0.0,False
wheelspin,0.28,1.8,2,123.1,1,3588,0.0,False
wheelspin,0.29,1.8,2,123.1,1,3588,0.0,False
wheelspin,0.29,1.8,2,123.1,1,3588,0.0,False
wheelspin,0.30,1.8,2,123.1,1,3588,0.0,False
wheelspin,0.31,1.9,2,123.1,1,3588,0.0,False
wheelspin,0.31,1.9,2,123.1,1,3588,0.0,False
wheelspin,0.32,1.9,2,123.1,1,3588,0.0,False
wheelspin,0.33,1.9,2,123.1,1,3588,0.0,False
wheelspin,0.33,1.9,2,123.1,1,3588,0.0,False
wheelspin,0.34,1.9,2,123.1,1,3588,0.0,False
wheelspin,0.34,1.9,2,123.1,1,3588,0.0,False
wheelspin,0.35,1.9,2,123.1,1,3588,0.0,False
wheelspin,0.36,1.9,2,123.1,1,3588,0.0,False
wheelspin,0.36,1.9,2,123.1,1,3588,0.0,False
wheelspin,0.37,1.9,2,123.1,1,3588,0.0,False
wheelspin,0.38,1.9,2,123.1,1,3588,0.0,False
wheelspin,0.38,1.9,2,123.1,1,3588,0.0,False
wheelspin,0.39,1.9,2,123.1,1,3588,0.0,False
wheelspin,0.40,1.9,2,123.1,1,3588,0.0,False
wheelspin,0.41,1.7,2,123.1,1,3588,0.0,False
wheelspin,0.41,1.7,2,123.1,1,3588,0.0,False
wheelspin,0.42,1.7,2,123.1,1,3588,0.0,False
wheelspin,0.42,1.7,2,123.1,1,3588,0.0,False
wheelspin,0.43,1.7,2,123.1,1,3588,0.0,False
wheelspin,0.44,1.7,2,123.1,1,3588,0.0,False
wheelspin,0.44,1.7,2,123.1,1,3588,0.0,False
wheelspin,0.45,1.7,2,123.1,1,3588,0.0,False
wheelspin,0.46,1.7,2,123.1,1,3588,0.0,False
wheelspin,0.46,1.7,2,123.1,1,3588,0.0,False
wheelspin,0.47,1.7,2,123.1,1,3588,0.0,False
wheelspin,0.47,1.7,2,123.1,1,3588,0.0,False
wheelspin,0.48,1.7,2,123.1,1,3588,0.0,False
wheelspin,0.48,1.7,2,123.2,1,3588,0.0,False
wheelspin,0.49,1.8,2,123.2,1,3588,0.0,False
wheelspin,0.49,1.8,2,123.2,1,3588,0.0,False
wheelspin,0.50,1.8,2,123.2,1,3588,0.0,False
wheelspin,0.50,1.8,2,123.2,1,3588,0.0,False
wheelspin,0.51,1.8,2,123.2,1,3588,0.0,False
wheelspin,0.51,1.8,2,123.2,1,3588,0.0,False
wheelspin,0.52,1.8,2,123.2,1,3588,0.0,False
wheelspin,0.52,1.8,2,123.2,1,3588,0.0,False
wheelspin,0.53,1.8,2,123.2,1,3588,0.0,False
wheelspin,0.53,1.8,2,123.2,1,3588,0.0,False
wheelspin,0.54,1.8,2,123.2,1,3588,0.0,False
wheelspin,0.54,1.8,2,123.2,1,3588,0.0,False
wheelspin,0.55,1.8,2,123.2,1,3588,0.0,False
wheelspin,0.55,1.8,2,123.2,1,3588,0.0,False
wheelspin,0.55,1.8,2,123.2,1,3588,0.0,False
wheelspin,0.56,1.8,2,123.2,1,3588,0.0,False
wheelspin,0.56,1.8,2,123.1,1,3588,0.0,False
wheelspin,0.57,1.8,2,123.1,1,3588,0.0,False
wheelspin,0.57,1.8,2,123.1,1,3588,0.0,False
wheelspin,0.58,1.8,2,123.1,1,3588,0.0,False
wheelspin,0.58,1.8,2,123.1,1,3588,0.0,False
wheelspin,0.58,1.8,2,123.1,1,3588,0.0,False
wheelspin,0.59,1.8,2,123.1,1,3588,0.0,False
wheelspin,0.59,1.8,2,123.1,1,3588,0.0,False
wheelspin,0.60,1.8,2,123.1,1,3588,0.0,False
wheelspin,0.60,1.8,2,123.1,1,3588,0.0,False
wheelspin,0.61,1.8,2,123.1,1,3588,0.0,False
wheelspin,0.61,1.8,2,123.1,1,3588,0.0,False
wheelspin,0.62,1.8,2,123.1,1,3588,0.0,False
wheelspin,0.62,1.8,2,123.1,1,3588,0.0,False
wheelspin,0.63,1.8,2,123.1,1,3588,0.0,False
wheelspin,0.63,1.8,2,123.1,1,3588,0.0,False
wheelspin,0.63,1.9,2,123.1,1,3588,0.0,False
wheelspin,0.64,1.9,2,123.1,1,3588,0.0,False
wheelspin,0.64,1.9,2,123.1,1,3588,0.0,False
wheelspin,0.65,1.9,2,123.1,1,3588,0.0,False
wheelspin,0.65,1.9,2,123.1,1,3588,0.0,False
wheelspin,0.66,1.9,2,123.1,1,3588,0.0,False
wheelspin,0.66,1.9,2,123.1,1,3588,0.0,False
wheelspin,0.67,1.9,2,123.1,1,3588,0.0,False
wheelspin,0.67,1.9,2,123.1,1,3588,0.0,False
wheelspin,0.67,1.9,2,123.1,1,3588,0.0,False
wheelspin,0.68,1.9,2,123.1,1,3588,0.0,False
wheelspin,0.68,1.9,2,123.1,1,3588,0.0,False
wheelspin,0.69,1.9,2,123.1,1,3588,0.0,False
wheelspin,0.69,1.9,2,123.1,1,3588,0.0,False
wheelspin,0.70,1.9,2,123.1,1,3588,0.0,False
wheelspin,0.70,1.9,2,123.1,1,3588,0.0,False
wheelspin,0.71,1.9,2,123.1,1,3588,0.0,False
wheelspin,0.71,1.9,2,123.1,1,3588,0.0,False
wheelspin,0.71,1.9,2,123.1,1,3588,0.0,False
wheelspin,0.72,1.9,2,123.1,1,3588,0.0,False
wheelspin,0.72,1.9,2,123.1,1,3588,0.0,False
wheelspin,0.73,1.9,2,123.1,1,3588,0.0,False
wheelspin,0.73,1.9,2,123.1,1,3588,0.0,False
wheelspin,0.74,1.9,2,123.1,1,3588,0.0,False
wheelspin,0.74,1.9,2,123.1,1,3588,0.0,False
wheelspin,0.75,1.9,2,123.1,1,3588,0.0,False
wheelspin,0.75,1.9,2,123.1,1,3588,0.0,False
wheelspin,0.76,1.7,2,123.1,1,3588,0.0,False
wheelspin,0.76,1.7,2,123.1,1,3588,0.0,False
wheelspin,0.76,1.7,2,123.1,1,3588,0.0,False
wheelspin,0.77,1.7,2,123.1,1,3588,0.0,False
wheelspin,0.77,1.7,2,123.1,1,3588,0.0,False
wheelspin,0.78,1.7,2,123.1,1,3588,0.0,False
wheelspin,0.78,1.7,2,123.1,1,3588,0.0,False
wheelspin,0.79,1.7,2,123.1,1,3588,0.0,False
wheelspin,0.79,1.7,2,123.1,1,3588,0.0,False
wheelspin,0.79,1.7,2,123.1,1,3588,0.0,False
wheelspin,0.80,1.7,2,123.1,1,3588,0.0,False
wheelspin,0.80,1.7,2,123.1,1,3588,0.0,False
wheelspin,0.81,1.7,2,123.1,1,3588,0.0,False
wheelspin,0.81,1.7,2,123.1,1,3588,0.0,False
wheelspin,0.82,1.7,2,123.1,1,3588,0.0,False
wheelspin,0.82,1.7,2,123.1,1,3588,0.0,False
wheelspin,0.83,1.7,2,123.1,1,3588,0.0,False
wheelspin,0.83,1.7,2,123.1,1,3588,0.0,False
wheelspin,0.84,1.8,2,123.1,1,3588,0.0,False
wheelspin,0.84,1.8,2,123.1,1,3588,0.0,False
wheelspin,0.84,1.8,2,123.1,1,3588,0.0,False
wheelspin,0.85,1.8,2,123.2,1,3588,0.0,False
wheelspin,0.85,1.8,2,123.2,1,3588,0.0,False
wheelspin,0.86,1.8,2,123.2,1,3588,0.0,False
wheelspin,0.86,1.8,2,123.2,1,3588,0.0,False
wheelspin,0.87,1.8,2,123.2,1,3588,0.0,False
wheelspin,0.87,1.8,2,123.2,1,3588,0.0,False
wheelspin,0.88,1.8,2,123.2,1,3588,0.0,False
wheelspin,0.88,1.8,2,123.2,1,3588,0.0,False
wheelspin,0.88,1.8,2,123.2,1,3588,0.0,False
wheelspin,0.89,1.8,2,123.2,1,3588,0.0,False
wheelspin,0.89,1.8,2,123.1,1,3588,0.0,False
wheelspin,0.90,1.8,2,123.1,1,3588,0.0,False
wheelspin,0.90,1.8,2,123.1,1,3588,0.0,False
wheelspin,0.91,1.8,2,123.1,1,3588,0.0,False
wheelspin,0.91,1.8,2,123.1,1,3588,0.0,False
wheelspin,0.92,1.8,2,123.1,1,3588,0.0,False
wheelspin,0.92,1.8,2,123.1,1,3588,0.0,False
wheelspin,0.92,1.8,2,123.1,1,3588,0.0,False
wheelspin,0.93,1.8,2,123.1,1,3588,0.0,False
wheelspin,0.93,1.8,2,123.1,1,3588,0.0,False
wheelspin,0.94,1.8,2,123.1,1,3588,0.0,False
wheelspin,0.94,1.8,2,123.1,1,3588,0.0,False
wheelspin,0.95,1.8,2,123.1,1,3588,0.0,False
wheelspin,0.95,1.8,2,123.1,1,3588,0.0,False
wheelspin,0.96,1.8,2,123.1,1,3588,0.0,False
wheelspin,0.96,1.8,2,123.1,1,3588,0.0,False
wheelspin,0.96,1.8,2,123.1,1,3588,0.0,False
wheelspin,0.97,1.8,2,123.1,1,3588,0.0,False
wheelspin,0.97,1.8,2,123.1,1,3588,0.0,False
wheelspin,0.98,1.8,2,123.1,1,3588,0.0,False
wheelspin,0.98,1.8,2,123.1,1,3588,0.0,False
wheelspin,0.99,1.9,2,123.1,1,3588,0.0,False
wheelspin,0.99,1.9,2,123.1,1,3588,0.0,False
wheelspin,1.00,1.9,2,123.1,1,3588,0.0,False
wheelspin,1.00,1.9,2,123.1,1,3588,0.0,False
wheelspin,1.00,1.9,2,123.1,1,3588,0.0,False
wheelspin,1.01,1.9,2,123.1,1,3588,0.0,False
wheelspin,1.01,1.9,2,123.1,1,3588,0.0,False
wheelspin,1.02,1.9,2,123.1,1,3588,0.0,False
wheelspin,1.02,1.9,2,123.1,1,3588,0.0,False
wheelspin,1.03,1.9,2,123.1,1,3588,0.0,False
wheelspin,1.03,1.9,2,123.1,1,3588,0.0,False
wheelspin,1.04,1.9,2,123.1,1,3588,0.0,False
wheelspin,1.04,1.9,2,123.1,1,3588,0.0,False
wheelspin,1.05,1.9,2,123.1,1,3588,0.0,False
wheelspin,1.05,1.9,2,123.1,1,3588,0.0,False
wheelspin,1.05,1.9,2,123.1,1,3588,0.0,False
wheelspin,1.06,1.9,2,123.1,1,3588,0.0,False
wheelspin,1.06,1.9,2,123.1,1,3588,0.0,False
wheelspin,1.07,1.9,2,123.1,1,3588,0.0,False
wheelspin,1.07,1.9,2,123.1,1,3588,0.0,False
wheelspin,1.08,1.9,2,123.1,1,3588,0.0,False
wheelspin,1.08,1.9,2,123.1,1,3588,0.0,False
wheelspin,1.09,1.7,2,123.1,1,3588,0.0,False
wheelspin,1.09,1.7,2,123.1,1,3588,0.0,False
wheelspin,1.10,1.7,2,123.1,1,3588,0.0,False
wheelspin,1.10,1.7,2,123.1,1,3588,0.0,False
wheelspin,1.11,1.7,2,123.1,1,3588,0.0,False
wheelspin,1.11,1.7,2,123.1,1,3588,0.0,False
wheelspin,1.12,1.7,2,123.1,1,3588,0.0,False
wheelspin,1.12,1.7,2,123.1,1,3588,0.0,False
wheelspin,1.13,1.7,2,123.1,1,3588,0.0,False
wheelspin,1.13,1.7,2,123.1,1,3588,0.0,False
wheelspin,1.14,1.7,2,123.1,1,3588,0.0,False
wheelspin,1.14,1.7,2,123.1,1,3588,0.0,False
wheelspin,1.15,1.7,2,123.1,1,3588,0.0,False
wheelspin,1.15,1.7,2,123.1,1,3588,0.0,False
wheelspin,1.16,1.7,2,123.1,1,3588,0.0,False
wheelspin,1.16,1.7,2,123.2,1,3588,0.0,False
wheelspin,1.17,1.7,2,123.2,1,3588,0.0,False
wheelspin,1.17,1.8,2,123.2,1,3588,0.0,False
wheelspin,1.18,1.8,2,123.2,1,3588,0.0,False
wheelspin,1.18,1.8,2,123.2,1,3588,0.0,False
wheelspin,1.19,1.8,2,123.2,1,3588,0.0,False
wheelspin,1.19,1.8,2,123.2,1,3588,0.0,False
wheelspin,1.20,1.8,2,123.2,1,3588,0.0,False
wheelspin,1.20,1.8,2,123.2,1,3588,0.0,False
wheelspin,1.20,1.8,2,123.2,1,3588,0.0,False
wheelspin,1.21,1.8,2,123.2,1,3588,0.0,False
wheelspin,1.21,1.8,2,123.2,1,3588,0.0,False
wheelspin,1.22,1.8,2,123.2,1,3588,0.0,False
wheelspin,1.22,1.8,2,123.2,1,3588,0.0,False
wheelspin,1.23,1.8,2,123.2,1,3588,0.0,False
wheelspin,1.23,1.8,2,123.2,1,3588,0.0,False
wheelspin,1.24,1.8,2,123.2,1,3588,0.0,False
wheelspin,1.24,1.8,2,123.2,1,3588,0.0,False
wheelspin,1.25,1.8,2,123.2,1,3588,0.0,False
wheelspin,1.25,1.8,2,123.1,1,3588,0.0,False
wheelspin,1.26,1.8,2,123.1,1,3588,0.0,False
wheelspin,1.26,1.8,2,123.1,1,3588,0.0,False
wheelspin,1.27,1.8,2,123.1,1,3588,0.0,False
wheelspin,1.27,1.8,2,123.1,1,3588,0.0,False
wheelspin,1.28,1.8,2,123.1,1,3588,0.0,False
wheelspin,1.28,1.8,2,123.1,1,3588,0.0,False
wheelspin,1.29,1.8,2,123.1,1,3588,0.0,False
wheelspin,1.29,1.8,2,123.1,1,3588,0.0,False
wheelspin,1.29,1.8,2,123.1,1,3588,0.0,False
wheelspin,1.30,1.8,2,123.1,1,3588,0.0,False
wheelspin,1.30,1.8,2,123.1,1,3588,0.0,False
wheelspin,1.31,1.8,2,123.1,1,3588,0.0,False
wheelspin,1.31,1.8,2,123.1,1,3588,0.0,False
wheelspin,1.32,1.8,2,123.1,1,3588,0.0,False
wheelspin,1.32,1.8,2,123.1,1,3588,0.0,False
wheelspin,1.32,1.8,2,123.1,1,3588,0.0,False
wheelspin,1.33,1.8,2,123.1,1,3588,0.0,False
wheelspin,1.33,1.8,2,123.1,1,3588,0.0,False
wheelspin,1.34,1.9,2,123.1,1,3588,0.0,False
wheelspin,1.34,1.9,2,123.1,1,3588,0.0,False
wheelspin,1.35,1.9,2,123.1,1,3588,0.0,False
wheelspin,1.35,1.9,2,123.1,1,3588,0.0,False
wheelspin,1.36,1.9,2,123.1,1,3588,0.0,False
wheelspin,1.36,1.9,2,123.1,1,3588,0.0,False
wheelspin,1.36,1.9,2,123.1,1,3588,0.0,False
wheelspin,1.37,1.9,2,123.1,1,3588,0.0,False
wheelspin,1.37,1.9,2,123.1,1,3588,0.0,False
wheelspin,1.38,1.9,2,123.1,1,3588,0.0,False
wheelspin,1.38,1.9,2,123.1,1,3588,0.0,False
wheelspin,1.39,1.9,2,123.1,1,3588,0.0,False
wheelspin,1.39,1.9,2,123.1,1,3588,0.0,False
wheelspin,1.39,1.9,2,123.1,1,3588,0.0,False
wheelspin,1.40,1.9,2,123.1,1,3588,0.0,False
wheelspin,1.40,1.9,2,123.1,1,3588,0.0,False
wheelspin,1.41,1.9,2,123.1,1,3588,0.0,False
wheelspin,1.42,1.9,2,123.1,1,3588,0.0,False
wheelspin,1.42,1.9,2,123.1,1,3588,0.0,False
wheelspin,1.42,1.9,2,123.1,1,3588,0.0,False
wheelspin,1.43,1.9,2,123.1,1,3588,0.0,False
wheelspin,1.43,1.9,2,123.1,1,3588,0.0,False
wheelspin,1.44,1.7,2,123.1,1,3588,0.0,False
wheelspin,1.44,1.7,2,123.1,1,3588,0.0,False
wheelspin,1.45,1.7,2,123.1,1,3588,0.0,False
wheelspin,1.45,1.7,2,123.1,1,3588,0.0,False
wheelspin,1.46,1.7,2,123.1,1,3588,0.0,False
wheelspin,1.46,1.7,2,123.1,1,3588,0.0,False
wheelspin,1.47,1.7,2,123.1,1,3588,0.0,False
wheelspin,1.47,1.7,2,123.1,1,3588,0.0,False
wheelspin,1.48,1.7,2,123.1,1,3588,0.0,False
wheelspin,1.48,1.7,2,123.1,1,3588,0.0,False
wheelspin,1.49,1.7,2,123.1,1,3588,0.0,False
wheelspin,1.49,1.7,2,123.1,1,3588,0.0,False
wheelspin,1.49,1.7,2,123.1,1,3588,0.0,False
wheelspin,1.50,1.7,2,123.1,1,3588,0.0,False
wheelspin,1.50,1.7,2,123.1,1,3588,0.0,False
wheelspin,1.51,1.7,2,123.1,1,3588,0.0,False
wheelspin,1.51,1.7,2,123.1,1,3588,0.0,False
wheelspin,1.52,1.8,2,123.1,1,3588,0.0,False
wheelspin,1.52,1.8,2,123.2,1,3588,0.0,False
wheelspin,1.53,1.8,2,123.2,1,3588,0.0,False
wheelspin,1.53,1.8,2,123.2,1,3588,0.0,False
wheelspin,1.54,1.8,2,123.2,1,3588,0.0,False
wheelspin,1.54,1.8,2,123.2,1,3588,0.0,False
wheelspin,1.55,1.8,2,123.2,1,3588,0.0,False
wheelspin,1.55,1.8,2,123.2,1,3588,0.0,False
wheelspin,1.56,1.8,2,123.2,1,3588,0.0,False
wheelspin,1.56,1.8,2,123.2,1,3588,0.0,False
wheelspin,1.57,1.8,2,123.2,1,3588,0.0,False
wheelspin,1.57,1.8,2,123.2,1,3588,0.0,False
wheelspin,1.57,1.8,2,123.2,1,3588,0.0,False
wheelspin,1.58,1.8,2,123.2,1,3588,0.0,False
wheelspin,1.58,1.8,2,123.2,1,3588,0.0,False
wheelspin,1.59,1.8,2,123.2,1,3588,0.0,False
wheelspin,1.59,1.8,2,123.1,1,3588,0.0,False
wheelspin,1.60,1.8,2,123.1,1,3588,0.0,False
wheelspin,1.60,1.8,2,123.1,1,3588,0.0,False
wheelspin,1.60,1.8,2,123.1,1,3588,0.0,False
wheelspin,1.61,1.8,2,123.1,1,3588,0.0,False
wheelspin,1.61,1.8,2,123.1,1,3588,0.0,False
wheelspin,1.62,1.8,2,123.1,1,3588,0.0,False
wheelspin,1.62,1.8,2,123.1,1,3588,0.0,False
wheelspin,1.63,1.8,2,123.1,1,3588,0.0,False
wheelspin,1.63,1.8,2,123.1,1,3588,0.0,False
wheelspin,1.63,1.8,2,123.1,1,3588,0.0,False
wheelspin,1.64,1.8,2,123.1,1,3588,0.0,False
wheelspin,1.65,1.8,2,123.1,1,3588,0.0,False
wheelspin,1.65,1.8,2,123.1,1,3588,0.0,False
wheelspin,1.66,1.8,2,123.1,1,3588,0.0,False
wheelspin,1.66,1.8,2,123.1,1,3588,0.0,False
wheelspin,1.66,1.8,2,123.1,1,3588,0.0,False
wheelspin,1.67,1.9,2,123.1,1,3588,0.0,False
wheelspin,1.67,1.9,2,123.1,1,3588,0.0,False
wheelspin,1.68,1.9,2,123.1,1,3588,0.0,False
wheelspin,1.68,1.9,2,123.1,1,3588,0.0,False
wheelspin,1.69,1.9,2,123.1,1,3588,0.0,False
wheelspin,1.69,1.9,2,123.1,1,3588,0.0,False
wheelspin,1.70,1.9,2,123.1,1,3588,0.0,False
wheelspin,1.70,1.9,2,123.1,1,3588,0.0,False
wheelspin,1.71,1.9,2,123.1,1,3588,0.0,False
wheelspin,1.71,1.9,2,123.1,1,3588,0.0,False
wheelspin,1.72,1.9,2,123.1,1,3588,0.0,False
wheelspin,1.72,1.9,2,123.1,1,3588,0.0,False
wheelspin,1.73,1.9,2,123.1,1,3588,0.0,False
wheelspin,1.73,1.9,2,123.1,1,3588,0.0,False
wheelspin,1.74,1.9,2,123.1,1,3588,0.0,False
wheelspin,1.74,1.9,2,123.1,1,3588,0.0,False
wheelspin,1.75,1.9,2,123.1,1,3588,0.0,False
wheelspin,1.75,1.9,2,123.1,1,3588,0.0,False
wheelspin,1.76,1.9,2,123.1,1,3588,0.0,False
wheelspin,1.76,1.9,2,123.1,1,3588,0.0,False
wheelspin,1.77,1.9,2,123.1,1,3588,0.0,False
wheelspin,1.77,1.9,2,123.1,1,3588,0.0,False
wheelspin,1.78,1.9,2,123.1,1,3588,0.0,False
wheelspin,1.78,1.7,2,123.1,1,3588,0.0,False
wheelspin,1.79,1.7,2,123.1,1,3588,0.0,False
wheelspin,1.79,1.7,2,123.1,1,3588,0.0,False
wheelspin,1.80,1.7,2,123.1,1,3588,0.0,False
wheelspin,1.80,1.7,2,123.1,1,3588,0.0,False
wheelspin,1.81,1.7,2,123.1,1,3588,0.0,False
wheelspin,1.81,1.7,2,123.1,1,3588,0.0,False
wheelspin,1.82,1.7,2,123.1,1,3588,0.0,False
wheelspin,1.82,1.7,2,123.1,1,3588,0.0,False
wheelspin,1.83,1.7,2,123.1,1,3588,0.0,False
wheelspin,1.83,1.7,2,123.1,1,3588,0.0,False
wheelspin,1.84,1.7,2,123.1,1,3588,0.0,False
wheelspin,1.84,1.7,2,123.1,1,3588,0.0,False
wheelspin,1.85,1.7,2,123.1,1,3588,0.0,False
wheelspin,1.85,1.7,2,123.1,1,3588,0.0,False
wheelspin,1.86,1.7,2,123.1,1,3588,0.0,False
wheelspin,1.86,1.7,2,123.1,1,3588,0.0,False
wheelspin,1.86,1.7,2,123.1,1,3588,0.0,False
wheelspin,1.87,1.8,2,123.1,1,3588,0.0,False
wheelspin,1.87,1.8,2,123.1,1,3588,0.0,False
wheelspin,1.88,1.8,2,123.1,1,3588,0.0,False
wheelspin,1.88,1.8,2,123.1,1,3588,0.0,False
wheelspin,1.89,1.8,2,123.2,1,3588,0.0,False
wheelspin,1.89,1.8,2,123.2,1,3588,0.0,False
wheelspin,1.89,1.8,2,123.2,1,3588,0.0,False
wheelspin,1.90,1.8,2,123.2,1,3588,0.0,False
wheelspin,1.90,1.8,2,123.2,1,3588,0.0,False
wheelspin,1.91,1.8,2,123.2,1,3588,0.0,False
wheelspin,1.91,1.8,2,123.2,1,3588,0.0,False
wheelspin,1.92,1.8,2,123.2,1,3588,0.0,False
wheelspin,1.92,1.8,2,123.1,1,3588,0.0,False
wheelspin,1.93,1.8,2,123.1,1,3588,0.0,False
wheelspin,1.93,1.8,2,123.1,1,3588,0.0,False
wheelspin,1.93,1.8,2,123.1,1,3588,0.0,False
wheelspin,1.94,1.8,2,123.1,1,3588,0.0,False
wheelspin,1.94,1.8,2,123.1,1,3588,0.0,False
wheelspin,1.95,1.8,2,123.1,1,3588,0.0,False
wheelspin,1.95,1.8,2,123.1,1,3588,0.0,False
wheelspin,1.96,1.8,2,123.1,1,3588,0.0,False
wheelspin,1.96,1.8,2,123.1,1,3588,0.0,False
wheelspin,1.96,1.8,2,123.1,1,3588,0.0,False
wheelspin,1.97,1.8,2,123.1,1,3588,0.0,False
wheelspin,1.97,1.8,2,123.1,1,3588,0.0,False
wheelspin,1.98,1.8,2,123.1,1,3588,0.0,False
wheelspin,1.98,1.8,2,123.1,1,3588,0.0,False
wheelspin,1.99,1.8,2,123.1,1,3588,0.0,False
wheelspin,1.99,1.8,2,123.1,1,3588,0.0,False
wheelspin,2.00,1.8,2,123.1,1,3588,0.0,False
wheelspin,2.00,1.8,2,123.1,1,3588,0.0,False
wheelspin,2.00,1.8,2,123.1,1,3588,0.0,False
wheelspin,2.01,1.8,2,123.1,1,3588,0.0,False
wheelspin,2.01,1.8,2,123.1,1,3588,0.0,False
wheelspin,2.02,1.8,2,123.1,1,3588,0.0,False
wheelspin,2.02,1.9,2,123.1,1,3588,0.0,False
wheelspin,2.03,1.9,2,123.1,1,3588,0.0,False
wheelspin,2.03,1.9,2,123.1,1,3588,0.0,False
wheelspin,2.03,1.9,2,123.1,1,3588,0.0,False
wheelspin,2.04,1.9,2,123.1,1,3588,0.0,False
wheelspin,2.04,1.9,2,123.1,1,3588,0.0,False
wheelspin,2.05,1.9,2,123.1,1,3588,0.0,False
wheelspin,2.05,1.9,2,123.1,1,3588,0.0,False
wheelspin,2.06,1.9,2,123.1,1,3588,0.0,False
wheelspin,2.06,1.9,2,123.1,1,3588,0.0,False
wheelspin,2.07,1.9,2,123.1,1,3588,0.0,False
wheelspin,2.07,1.9,2,123.1,1,3588,0.0,False
wheelspin,2.07,1.9,2,123.1,1,3588,0.0,False
wheelspin,2.08,1.9,2,123.1,1,3588,0.0,False
wheelspin,2.08,1.9,2,123.1,1,3588,0.0,False
wheelspin,2.09,1.9,2,123.1,1,3588,0.0,False
wheelspin,2.09,1.9,2,123.1,1,3588,0.0,False
wheelspin,2.10,1.9,2,123.1,1,3588,0.0,False
wheelspin,2.10,1.9,2,123.1,1,3588,0.0,False
wheelspin,2.11,1.9,2,123.1,1,3588,0.0,False
wheelspin,2.11,1.9,2,123.1,1,3588,0.0,False
wheelspin,2.12,1.9,2,123.1,1,3588,0.0,False
wheelspin,2.12,1.7,2,123.1,1,3588,0.0,False
wheelspin,2.12,1.7,2,123.1,1,3588,0.0,False
wheelspin,2.13,1.7,2,123.1,1,3588,0.0,False
wheelspin,2.13,1.7,2,123.1,1,3588,0.0,False
wheelspin,2.14,1.7,2,123.1,1,3588,0.0,False
wheelspin,2.14,1.7,2,123.1,1,3588,0.0,False
wheelspin,2.15,1.7,2,123.1,1,3588,0.0,False
wheelspin,2.15,1.7,2,123.1,1,3588,0.0,False
wheelspin,2.16,1.7,2,123.1,1,3588,0.0,False
wheelspin,2.16,1.7,2,123.1,1,3588,0.0,False
wheelspin,2.17,1.7,2,123.1,1,3588,0.0,False
wheelspin,2.17,1.7,2,123.1,1,3588,0.0,False
wheelspin,2.17,1.7,2,123.1,1,3588,0.0,False
wheelspin,2.18,1.7,2,123.1,1,3588,0.0,False
wheelspin,2.18,1.7,2,123.1,1,3588,0.0,False
wheelspin,2.19,1.7,2,123.1,1,3588,0.0,False
wheelspin,2.19,1.7,2,123.1,1,3588,0.0,False
wheelspin,2.20,1.7,2,123.1,1,3588,0.0,False
wheelspin,2.20,1.7,2,123.2,1,3588,0.0,False
wheelspin,2.20,1.8,2,123.2,1,3588,0.0,False
wheelspin,2.21,1.8,2,123.2,1,3588,0.0,False
wheelspin,2.21,1.8,2,123.2,1,3588,0.0,False
wheelspin,2.22,1.8,2,123.2,1,3588,0.0,False
wheelspin,2.22,1.8,2,123.2,1,3588,0.0,False
wheelspin,2.22,1.8,2,123.2,1,3588,0.0,False
wheelspin,2.23,1.8,2,123.2,1,3588,0.0,False
wheelspin,2.23,1.8,2,123.2,1,3588,0.0,False
wheelspin,2.24,1.8,2,123.2,1,3588,0.0,False
wheelspin,2.24,1.8,2,123.2,1,3588,0.0,False
wheelspin,2.25,1.8,2,123.2,1,3588,0.0,False
wheelspin,2.25,1.8,2,123.2,1,3588,0.0,False
wheelspin,2.26,1.8,2,123.2,1,3588,0.0,False
wheelspin,2.26,1.8,2,123.2,1,3588,0.0,False
wheelspin,2.26,1.8,2,123.2,1,3588,0.0,False
wheelspin,2.27,1.8,2,123.2,1,3588,0.0,False
wheelspin,2.27,1.8,2,123.2,1,3588,0.0,False
wheelspin,2.28,1.8,2,123.2,1,3588,0.0,False
wheelspin,2.28,1.8,2,123.1,1,3588,0.0,False
wheelspin,2.29,1.8,2,123.1,1,3588,0.0,False
wheelspin,2.29,1.8,2,123.1,1,3588,0.0,False
wheelspin,2.30,1.8,2,123.1,1,3588,0.0,False
wheelspin,2.30,1.8,2,123.1,1,3588,0.0,False
wheelspin,2.30,1.8,2,123.1,1,3588,0.0,False
wheelspin,2.31,1.8,2,123.1,1,3588,0.0,False
wheelspin,2.31,1.8,2,123.1,1,3588,0.0,False
wheelspin,2.32,1.8,2,123.1,1,3588,0.0,False
wheelspin,2.32,1.8,2,123.1,1,3588,0.0,False
wheelspin,2.33,1.8,2,123.1,1,3588,0.0,False
wheelspin,2.33,1.8,2,123.1,1,3588,0.0,False
wheelspin,2.33,1.8,2,123.1,1,3588,0.0,False
wheelspin,2.34,1.8,2,123.1,1,3588,0.0,False
wheelspin,2.35,1.8,2,123.1,1,3588,0.0,False
wheelspin,2.35,1.8,2,123.1,1,3588,0.0,False
wheelspin,2.36,1.8,2,123.1,1,3588,0.0,False
wheelspin,2.36,1.8,2,123.1,1,3588,0.0,False
wheelspin,2.37,1.9,2,123.1,1,3588,0.0,False
wheelspin,2.38,1.9,2,123.1,1,3588,0.0,False
wheelspin,2.38,1.9,2,123.1,1,3588,0.0,False
wheelspin,2.39,1.9,2,123.1,1,3588,0.0,False
wheelspin,2.39,1.9,2,123.1,1,3588,0.0,False
wheelspin,2.40,1.9,2,123.1,1,3588,0.0,False
wheelspin,2.41,1.9,2,123.1,1,3588,0.0,False
wheelspin,2.41,1.9,2,123.1,1,3588,0.0,False
wheelspin,2.42,1.9,2,123.1,1,3588,0.0,False
wheelspin,2.43,1.9,2,123.1,1,3588,0.0,False
wheelspin,2.43,1.9,2,123.1,1,3588,0.0,False
wheelspin,2.44,1.9,2,123.1,1,3588,0.0,False
wheelspin,2.45,1.9,2,123.1,1,3588,0.0,False
wheelspin,2.45,1.9,2,123.1,1,3588,0.0,False
wheelspin,2.46,1.9,2,123.1,1,3588,0.0,False
wheelspin,2.46,1.9,2,123.1,1,3588,0.0,False
wheelspin,2.47,1.7,2,123.1,1,3588,0.0,False
wheelspin,2.48,1.7,2,123.1,1,3588,0.0,False
wheelspin,2.49,1.7,2,123.1,1,3588,0.0,False
wheelspin,2.49,1.7,2,123.1,1,3588,0.0,False
wheelspin,2.50,1.7,2,123.1,1,3588,0.0,False
launch,0.09,0.8,1,124.2,1,3588,0.0,False
launch,0.09,0.8,1,124.2,1,3588,0.0,False
launch,0.10,0.9,1,124.2,1,3588,0.0,False
launch,0.11,0.9,1,124.2,1,3588,0.0,False
launch,0.12,1.0,1,124.2,1,3588,0.0,False
launch,0.12,1.0,1,124.2,1,3588,0.0,False
launch,0.13,1.0,1,124.1,1,3588,0.0,False
launch,0.14,1.2,1,124.1,1,3588,0.0,False
launch,0.14,1.2,1,124.1,1,3588,0.0,False
launch,0.15,1.3,1,124.1,1,3588,0.0,False
launch,0.16,1.3,1,124.0,1,3588,0.0,False
launch,0.16,1.3,1,124.0,1,3588,0.0,False
launch,0.17,1.5,1,123.9,1,3588,0.0,False
launch,0.18,1.5,1,123.9,1,3588,0.0,False
launch,0.18,1.7,2,123.9,1,3588,0.0,False
launch,0.19,1.7,2,123.8,1,3588,0.0,False
launch,0.19,1.7,2,123.8,1,3588,0.0,False
launch,0.20,1.9,2,123.7,1,3588,0.0,False
launch,0.21,1.9,2,123.7,1,3588,0.0,False
launch,0.21,2.1,2,123.6,1,3588,0.0,False
launch,0.22,2.1,2,123.5,1,3588,0.0,False
launch,0.23,2.1,2,123.5,1,3588,0.0,False
launch,0.24,2.4,2,123.4,1,3588,0.0,False
launch,0.24,2.4,2,123.3,1,3588,0.0,False
launch,0.25,2.6,3,123.3,1,3588,0.0,False
launch,0.26,2.6,3,123.2,1,3588,0.0,False
launch,0.26,2.6,3,123.1,1,3588,0.0,False
launch,0.27,2.9,3,123.0,1,3588,0.0,False
launch,0.27,2.9,3,122.9,1,3588,0.0,False
launch,0.28,3.2,3,122.9,1,3588,0.0,False
launch,0.29,3.2,3,122.7,1,3588,0.0,False
launch,0.30,3.2,3,122.7,1,3588,0.0,False
launch,0.30,3.5,3,122.5,1,3588,0.0,False
launch,0.31,3.5,3,122.5,1,3588,0.0,False
launch,0.32,3.8,4,122.4,1,3588,0.0,False
launch,0.32,3.8,4,122.3,1,3588,0.0,False
launch,0.33,3.8,4,122.2,1,3588,0.0,False
launch,0.33,4.1,4,122.1,1,3588,0.0,False
launch,0.34,4.1,4,122.0,1,3588,0.0,False
launch,0.35,4.4,4,121.9,1,3588,0.0,False
launch,0.35,4.4,4,121.8,1,3588,0.0,False
launch,0.36,4.4,4,121.7,1,3588,0.0,False
launch,0.37,4.7,5,121.5,1,3588,0.0,False
launch,0.37,4.7,5,121.4,1,3588,0.0,False
launch,0.38,4.7,5,121.3,1,3588,0.0,False
launch,0.39,5.0,5,121.2,1,3588,0.0,False
launch,0.39,5.0,5,121.1,1,3588,0.0,False
launch,0.40,5.3,5,121.0,1,3588,0.0,False
launch,0.41,5.3,5,120.9,1,3588,0.0,False
launch,0.41,5.3,5,120.8,1,3588,0.0,False
launch,0.42,5.6,6,120.6,1,3588,0.0,False
launch,0.43,5.6,6,120.5,1,3588,0.0,False
launch,0.43,5.8,6,120.4,1,3588,0.0,False
launch,0.44,5.8,6,120.3,1,3588,0.0,False
launch,0.45,6.1,6,120.2,1,3588,0.0,False
launch,0.45,6.1,6,120.0,1,3588,0.0,False
launch,0.46,6.1,6,119.9,1,3588,0.0,False
launch,0.47,6.4,6,119.8,1,3588,0.0,False
launch,0.47,6.4,6,119.7,1,3588,0.0,False
launch,0.48,6.4,6,119.6,1,3588,0.0,False
launch,0.49,6.7,7,119.5,1,3588,0.0,False
launch,0.49,6.7,7,119.3,1,3588,0.0,False
launch,0.50,6.9,7,119.2,1,3588,0.0,False
launch,0.51,6.9,7,119.1,1,3588,0.0,False
launch,0.51,6.9,7,119.0,1,3588,0.0,False
launch,0.52,7.2,7,118.9,1,3588,0.0,False
launch,0.53,7.2,7,118.8,1,3588,0.0,False
launch,0.53,7.4,7,118.7,1,3588,0.0,False
launch,0.54,7.4,7,118.6,1,3588,0.0,False
launch,0.55,7.4,7,118.5,1,3588,0.0,False
launch,0.56,7.7,8,118.3,1,3588,0.0,False
launch,0.57,7.9,8,118.1,1,3588,0.0,False
launch,0.57,7.9,8,118.0,1,3588,0.0,False
launch,0.58,7.9,8,117.9,1,3588,0.0,False
launch,0.59,8.2,8,117.8,1,3588,0.0,False
launch,0.59,8.2,8,117.7,1,3588,0.0,False
launch,0.60,8.4,8,117.5,1,3588,0.0,False
launch,0.61,8.4,8,117.5,1,3588,0.0,False
launch,0.62,8.6,9,117.3,1,3588,0.0,False
launch,0.62,8.6,9,117.2,1,3588,0.0,False
launch,0.63,8.6,9,117.1,1,3588,0.0,False
launch,0.64,8.9,9,117.0,1,3588,0.0,False
launch,0.64,8.9,9,116.9,1,3588,0.0,False
launch,0.65,9.1,9,116.8,1,3588,0.0,False
launch,0.65,9.1,9,116.8,1,3588,0.0,False
launch,0.66,9.1,9,116.7,1,3588,0.0,False
launch,0.67,9.3,9,116.6,1,3588,0.0,False
launch,0.67,9.3,9,116.5,1,3588,0.0,False
launch,0.68,9.3,9,116.4,1,3588,0.0,False
launch,0.69,9.6,10,116.3,1,3588,0.0,False
launch,0.69,9.6,10,116.2,1,3588,0.0,False
launch,0.70,9.8,10,116.1,1,3588,0.0,False
launch,0.71,9.8,10,116.0,1,3588,0.0,False
launch,0.71,9.8,10,115.9,1,3588,0.0,False
launch,0.72,10.0,10,115.8,1,3588,0.0,False
launch,0.73,10.0,10,115.7,1,3588,0.0,False
launch,0.73,10.3,10,115.6,1,3588,0.0,False
launch,0.74,10.3,10,115.5,1,3588,0.0,False
launch,0.75,10.3,10,115.4,1,3588,0.0,False
launch,0.75,10.5,11,115.3,1,3588,0.0,False
launch,0.76,10.5,11,115.2,1,3588,0.0,False
launch,0.77,10.8,11,115.1,1,3588,0.0,False
launch,0.77,10.8,11,115.0,1,3588,0.0,False
launch,0.78,10.8,11,114.9,1,3588,0.0,False
launch,0.79,11.0,11,114.8,1,3588,0.0,False
launch,0.79,11.0,11,114.7,1,3588,0.0,False
launch,0.80,11.2,11,114.5,1,3588,0.0,False
launch,0.81,11.2,11,114.4,1,3588,0.0,False
launch,0.82,11.5,11,114.3,1,3588,0.0,False
launch,0.82,11.5,11,114.2,1,3588,0.0,False
launch,0.83,11.5,11,114.1,1,3588,0.0,False
launch,0.84,11.7,12,114.0,1,3588,0.0,False
launch,0.84,11.7,12,113.9,1,3588,0.0,False
launch,0.85,12.0,12,113.8,1,3588,0.0,False
launch,0.86,12.0,12,113.7,1,3588,0.0,False
launch,0.86,12.0,12,113.6,1,3588,0.0,False
launch,0.87,12.2,12,113.5,1,3588,0.0,False
launch,0.87,12.2,12,113.5,1,3588,0.0,False
launch,0.88,12.2,12,113.4,1,3588,0.0,False
launch,0.88,12.5,13,113.3,1,3588,0.0,False
launch,0.89,12.5,13,113.2,1,3588,0.0,False
launch,0.89,12.5,13,113.1,1,3588,0.0,False
launch,0.90,12.8,13,113.0,1,3588,0.0,False
launch,0.90,12.8,13,113.0,1,3588,0.0,False
launch,0.91,12.8,13,112.9,1,3588,0.0,False
launch,0.91,13.0,13,112.8,1,3588,0.0,False
launch,0.92,13.0,13,112.7,1,3588,0.0,False
launch,0.92,13.0,13,112.6,1,3588,0.0,False
launch,0.93,13.0,13,112.6,1,3588,0.0,False
launch,0.93,13.3,13,112.5,1,3588,0.0,False
launch,0.94,13.3,13,112.4,1,3588,0.0,False
launch,0.94,13.3,13,112.3,1,3588,0.0,False
launch,0.95,13.5,14,112.2,1,3588,0.0,False
launch,0.96,13.5,14,112.1,1,3588,0.0,False
launch,0.96,13.5,14,112.1,1,3588,0.0,False
launch,0.97,13.8,14,111.9,1,3588,0.0,False
launch,0.97,13.8,14,111.8,1,3588,0.0,False
launch,0.98,14.0,14,111.8,1,3588,0.0,False
launch,0.99,14.0,14,111.7,1,3588,0.0,False
launch,0.99,14.0,14,111.6,1,3588,0.0,False
launch,1.00,14.0,14,111.5,1,3588,0.0,False
launch,1.00,14.3,14,111.4,1,3588,0.0,False
launch,1.01,14.3,14,111.3,1,3588,0.0,False
launch,1.01,14.3,14,111.3,1,3588,0.0,False
launch,1.02,14.6,15,111.1,1,3588,0.0,False
launch,1.02,14.6,15,111.1,1,3588,0.0,False
launch,1.03,14.6,15,111.0,1,3588,0.0,False
launch,1.03,14.8,15,110.9,1,3588,0.0,False
launch,1.04,14.8,15,110.8,1,3588,0.0,False
launch,1.04,14.8,15,110.8,1,3588,0.0,False
launch,1.05,15.1,15,110.7,1,3588,0.0,False
launch,1.05,15.1,15,110.6,1,3588,0.0,False
launch,1.06,15.1,15,110.6,1,3588,0.0,False
launch,1.06,15.1,15,110.5,1,3588,0.0,False
launch,1.07,15.3,15,110.4,1,3588,0.0,False
launch,1.07,15.3,15,110.3,1,3588,0.0,False
launch,1.08,15.3,15,110.2,1,3588,0.0,False
launch,1.08,15.6,16,110.1,1,3588,0.0,False
launch,1.09,15.6,16,110.0,1,3588,0.0,False
launch,1.09,15.6,16,110.0,1,3588,0.0,False
launch,1.10,15.8,16,109.9,1,3588,0.0,False
launch,1.10,15.8,16,109.8,1,3588,0.0,False
launch,1.11,15.8,16,109.7,1,3588,0.0,False
launch,1.12,16.1,16,109.6,1,3588,0.0,False
launch,1.12,16.1,16,109.5,1,3588,0.0,False
launch,1.13,16.1,16,109.4,1,3588,0.0,False
launch,1.13,16.3,16,109.4,1,3588,0.0,False
launch,1.14,16.3,16,109.3,1,3588,0.0,False
launch,1.14,16.3,16,109.2,1,3588,0.0,False
launch,1.15,16.6,17,109.1,1,3588,0.0,False
launch,1.16,16.6,17,109.0,1,3588,0.0,False
launch,1.16,16.6,17,108.9,1,3588,0.0,False
launch,1.16,16.8,17,108.8,1,3588,0.0,False
launch,1.17,16.8,17,108.8,1,3588,0.0,False
launch,1.17,16.8,17,108.7,1,3588,0.0,False
launch,1.18,16.8,17,108.6,1,3588,0.0,False
launch,1.18,17.1,17,108.6,1,3588,0.0,False
launch,1.19,17.1,17,108.5,1,3588,0.0,False
launch,1.19,17.1,17,108.4,1,3588,0.0,False
launch,1.19,17.1,17,108.4,1,3588,0.0,False
launch,1.20,17.3,17,108.3,1,3588,0.0,False
launch,1.20,17.3,17,108.2,1,3588,0.0,False
launch,1.21,17.3,17,108.1,1,3588,0.0,False
launch,1.21,17.3,17,108.1,1,3588,0.0,False
launch,1.22,17.6,18,108.0,1,3588,0.0,False
launch,1.22,17.6,18,107.9,1,3588,0.0,False
launch,1.23,17.6,18,107.9,1,3588,0.0,False
launch,1.23,17.8,18,107.8,1,3588,0.0,False
launch,1.24,17.8,18,107.7,1,3588,0.0,False
launch,1.24,17.8,18,107.6,1,3588,0.0,False
launch,1.25,18.1,18,107.6,1,3588,0.0,False
launch,1.25,18.1,18,107.5,1,3588,0.0,False
launch,1.26,18.1,18,107.4,1,3588,0.0,False
launch,1.26,18.1,18,107.3,1,3588,0.0,False
launch,1.27,18.3,18,107.2,1,3588,0.0,False
launch,1.27,18.3,18,107.2,1,3588,0.0,False
launch,1.27,18.3,18,107.1,1,3588,0.0,False
launch,1.28,18.3,18,107.1,1,3588,0.0,False
launch,1.28,18.6,19,107.0,1,3588,0.0,False
launch,1.29,18.6,19,106.9,1,3588,0.0,False
launch,1.29,18.6,19,106.8,1,3588,0.0,False
launch,1.30,18.8,19,106.8,1,3588,0.0,False
launch,1.30,18.8,19,106.7,1,3588,0.0,False
launch,1.31,18.8,19,106.6,1,3588,0.0,False
launch,1.31,18.8,19,106.6,1,3588,0.0,False
launch,1.32,19.0,19,106.5,1,3588,0.0,False
launch,1.32,19.0,19,106.4,1,3588,0.0,False
launch,1.32,19.0,19,106.3,1,3588,0.0,False
launch,1.33,19.0,19,106.3,1,3588,0.0,False
launch,1.33,19.3,19,106.2,1,3588,0.0,False
launch,1.34,19.3,19,106.1,1,3588,0.0,False
launch,1.34,19.3,19,106.1,1,3588,0.0,False
launch,1.35,19.5,20,106.0,1,3588,0.0,False
launch,1.35,19.5,20,105.9,1,3588,0.0,False
launch,1.36,19.5,20,105.9,1,3588,0.0,False
launch,1.36,19.5,20,105.8,1,3588,0.0,False
launch,1.37,19.8,20,105.7,1,3588,0.0,False
launch,1.37,19.8,20,105.6,1,3588,0.0,False
launch,1.38,19.8,20,105.5,1,3588,0.0,False
launch,1.38,20.0,20,105.5,1,3588,0.0,False
launch,1.39,20.0,20,105.4,1,3588,0.0,False
launch,1.39,20.0,20,105.3,1,3588,0.0,False
launch,1.39,20.0,20,105.3,1,3588,0.0,False
launch,1.40,20.3,20,105.2,1,3588,0.0,False
launch,1.40,20.3,20,105.1,1,3588,0.0,False
launch,1.41,20.3,20,105.0,1,3588,0.0,False
launch,1.41,20.3,20,105.0,1,3588,0.0,False
launch,1.42,20.5,21,104.9,1,3588,0.0,False
launch,1.42,20.5,21,104.8,1,3588,0.0,False
launch,1.42,20.5,21,104.8,1,3588,0.0,False
launch,1.43,20.5,21,104.7,1,3588,0.0,False
launch,1.43,20.8,21,104.6,1,3588,0.0,False
launch,1.44,20.8,21,104.6,1,3588,0.0,False
launch,1.44,20.8,21,104.5,1,3588,0.0,False
launch,1.45,21.0,21,104.4,1,3588,0.0,False
launch,1.45,21.0,21,104.4,1,3588,0.0,False
launch,1.46,21.0,21,104.3,1,3588,0.0,False
launch,1.46,21.0,21,104.2,1,3588,0.0,False
launch,1.46,21.3,21,104.2,1,3588,0.0,False
launch,1.47,21.3,21,104.1,1,3588,0.0,False
launch,1.48,21.3,21,104.0,1,3588,0.0,False
launch,1.48,21.3,21,103.9,1,3588,0.0,False
launch,1.48,21.5,22,103.8,1,3588,0.0,False
launch,1.49,21.5,22,103.8,1,3588,0.0,False
launch,1.49,21.5,22,103.7,1,3588,0.0,False
launch,1.50,21.8,22,103.7,1,3588,0.0,False
launch,1.50,21.8,22,103.6,1,3588,0.0,False
launch,1.50,21.8,22,103.5,1,3588,0.0,False
launch,1.51,21.8,22,103.5,1,3588,0.0,False
launch,1.51,22.0,22,103.4,1,3588,0.0,False
launch,1.52,22.0,22,103.3,1,3588,0.0,False
launch,1.52,22.0,22,103.3,1,3588,0.0,False
launch,1.53,22.0,22,103.2,1,3588,0.0,False
launch,1.53,22.3,22,103.1,1,3588,0.0,False
launch,1.54,22.3,22,103.1,1,3588,0.0,False
launch,1.54,22.3,22,103.0,1,3588,0.0,False
launch,1.54,22.3,22,102.9,1,3588,0.0,False
launch,1.55,22.5,23,102.8,1,3588,0.0,False
launch,1.56,22.5,23,102.7,1,3588,0.0,False
launch,1.56,22.5,23,102.7,1,3588,0.0,False
launch,1.56,22.8,23,102.6,1,3588,0.0,False
launch,1.57,22.8,23,102.5,1,3588,0.0,False
launch,1.57,22.8,23,102.5,1,3588,0.0,False
launch,1.58,22.8,23,102.4,1,3588,0.0,False
launch,1.58,23.0,23,102.3,1,3588,0.0,False
launch,1.59,23.0,23,102.2,1,3588,0.0,False
launch,1.60,23.0,23,102.1,1,3588,0.0,False
launch,1.60,23.3,23,102.1,1,3588,0.0,False
launch,1.60,23.3,23,102.0,1,3588,0.0,False
launch,1.61,23.3,23,101.9,1,3588,0.0,False
launch,1.62,23.5,24,101.8,1,3588,0.0,False
launch,1.62,23.5,24,101.7,1,3588,0.0,False
launch,1.62,23.5,24,101.7,1,3588,0.0,False
launch,1.63,23.5,24,101.6,1,3588,0.0,False
launch,1.63,23.8,24,101.5,1,3588,0.0,False
launch,1.64,23.8,24,101.5,1,3588,0.0,False
launch,1.64,23.8,24,101.4,1,3588,0.0,False
launch,1.65,24.0,24,101.3,1,3588,0.0,False
launch,1.65,24.0,24,101.2,1,3588,0.0,False
launch,1.66,24.0,24,101.2,1,3588,0.0,False
launch,1.66,24.0,24,101.1,1,3588,0.0,False
launch,1.67,24.3,24,101.0,1,3588,0.0,False
launch,1.67,24.3,24,100.9,1,3588,0.0,False
launch,1.67,24.3,24,100.9,1,3588,0.0,False
launch,1.68,24.3,24,100.8,1,3588,0.0,False
launch,1.68,24.5,25,100.7,1,3588,0.0,False
launch,1.69,24.5,25,100.7,1,3588,0.0,False
launch,1.69,24.5,25,100.6,1,3588,0.0,False
launch,1.70,24.8,25,100.5,1,3588,0.0,False
launch,1.70,24.8,25,100.4,1,3588,0.0,False
launch,1.71,24.8,25,100.4,1,3588,0.0,False
launch,1.71,24.8,25,100.3,1,3588,0.0,False
launch,1.72,25.0,25,100.2,1,3588,0.0,False
launch,1.72,25.0,25,100.1,1,3588,0.0,False
launch,1.73,25.0,25,100.1,1,3588,0.0,False
launch,1.73,25.3,25,100.0,1,3588,0.0,False
launch,1.74,25.3,25,99.9,1,3588,0.0,False
launch,1.74,25.3,25,99.8,1,3588,0.0,False
launch,1.75,25.3,25,99.8,1,3588,0.0,False
launch,1.75,25.5,26,99.7,1,3588,0.0,False
launch,1.76,25.5,26,99.6,1,3588,0.0,False
launch,1.76,25.8,26,99.5,1,3588,0.0,False
launch,1.77,25.8,26,99.4,1,3588,0.0,False
launch,1.77,25.8,26,99.3,1,3588,0.0,False
launch,1.78,25.8,26,99.3,1,3588,0.0,False
launch,1.78,26.0,26,99.2,1,3588,0.0,False
launch,1.79,26.0,26,99.1,1,3588,0.0,False
launch,1.79,26.0,26,99.1,1,3588,0.0,False
launch,1.80,26.0,26,99.0,1,3588,0.0,False
launch,1.80,26.3,26,98.9,1,3588,0.0,False
launch,1.81,26.3,26,98.8,1,3588,0.0,False
launch,1.81,26.3,26,98.8,1,3588,0.0,False
launch,1.82,26.5,27,98.7,1,3588,0.0,False
launch,1.82,26.5,27,98.6,1,3588,0.0,False
launch,1.82,26.5,27,98.5,1,3588,0.0,False
launch,1.83,26.5,27,98.5,1,3588,0.0,False
launch,1.83,26.8,27,98.4,1,3588,0.0,False
launch,1.84,26.8,27,98.3,1,3588,0.0,False
launch,1.84,26.8,27,98.3,1,3588,0.0,False
launch,1.85,26.8,27,98.2,1,3588,0.0,False
launch,1.85,27.0,27,98.1,1,3619,0.0,False
launch,1.86,27.0,27,98.1,1,3619,0.0,False
launch,1.86,27.0,27,98.0,1,3619,0.0,False
launch,1.86,27.3,27,97.9,1,3652,0.0,False
launch,1.87,27.3,27,97.9,1,3652,0.0,False
launch,1.87,27.3,27,97.8,1,3652,0.0,False
launch,1.88,27.3,27,97.7,1,3652,0.0,False
launch,1.88,27.5,28,97.6,1,3686,0.0,False
launch,1.89,27.5,28,97.6,1,3686,0.0,False
launch,1.89,27.5,28,97.5,1,3686,0.0,False
launch,1.90,27.8,28,97.4,1,3719,0.0,False
launch,1.90,27.8,28,97.3,1,3719,0.0,False
launch,1.91,27.8,28,97.3,1,3719,0.0,False
launch,1.91,27.8,28,97.2,1,3719,0.0,False
launch,1.92,28.0,28,97.1,1,3753,0.0,False
launch,1.92,28.0,28,97.0,1,3753,0.0,False
launch,1.92,28.0,28,97.0,1,3753,0.0,False
launch,1.93,28.0,28,96.9,1,3753,0.0,False
launch,1.93,28.3,28,96.8,1,3786,0.0,False
launch,1.94,28.3,28,96.8,1,3786,0.0,False
launch,1.94,28.3,28,96.7,1,3786,0.0,False
launch,1.95,28.3,28,96.7,1,3786,0.0,False
launch,1.95,28.5,29,96.6,1,3820,0.0,False
launch,1.96,28.5,29,96.5,1,3820,0.0,False
launch,1.96,28.5,29,96.4,1,3820,0.0,False
launch,1.97,28.8,29,96.3,1,3853,0.0,False
launch,1.97,28.8,29,96.2,1,3853,0.0,False
launch,1.98,28.8,29,96.2,1,3853,0.0,False
launch,1.98,29.0,29,96.1,1,3887,0.0,False
launch,1.98,29.0,29,96.0,1,3887,0.0,False
launch,1.99,29.0,29,96.0,1,3887,0.0,False
launch,1.99,29.0,29,95.9,1,3887,0.0,False
launch,2.00,29.3,29,95.8,1,3920,0.0,False
launch,2.00,29.3,29,95.8,1,3920,0.0,False
launch,2.01,29.3,29,95.7,1,3920,0.0,False
launch,2.02,29.5,30,95.6,1,3954,0.0,False
launch,2.02,29.5,30,95.5,1,3954,0.0,False
launch,2.03,29.5,30,95.4,1,3954,0.0,False
launch,2.03,29.8,30,95.4,1,3987,0.0,False
launch,2.03,29.8,30,95.3,1,3987,0.0,False
launch,2.04,29.8,30,95.2,1,3987,0.0,False
launch,2.04,29.8,30,95.1,1,3987,0.0,False
launch,2.05,30.0,30,95.1,1,4021,0.0,False
launch,2.05,30.0,30,95.0,1,4021,0.0,False
launch,2.06,30.0,30,94.9,1,4021,0.0,False
launch,2.06,30.0,30,94.9,1,4021,0.0,False
launch,2.07,30.3,30,94.8,1,4054,0.0,False
launch,2.07,30.3,30,94.7,1,4054,0.0,False
launch,2.08,30.3,30,94.6,1,4054,0.0,False
launch,2.08,30.5,31,94.6,1,4088,0.0,False
launch,2.09,30.5,31,94.5,1,4088,0.0,False
launch,2.09,30.5,31,94.4,1,4088,0.0,False
launch,2.10,30.8,31,94.3,1,4121,0.0,False
launch,2.10,30.8,31,94.2,1,4121,0.0,False
launch,2.11,30.8,31,94.1,1,4121,0.0,False
launch,2.11,30.8,31,94.1,1,4121,0.0,False
launch,2.12,31.0,31,94.0,1,4154,0.0,False
launch,2.12,31.0,31,93.9,1,4154,0.0,False
launch,2.13,31.0,31,93.9,1,4154,0.0,False
launch,2.13,31.0,31,93.8,1,4154,0.0,False
launch,2.13,31.3,31,93.7,1,4188,0.0,False
launch,2.14,31.3,31,93.7,1,4188,0.0,False
launch,2.14,31.3,31,93.6,1,4188,0.0,False
launch,2.15,31.5,32,93.5,1,4221,0.0,False
launch,2.15,31.5,32,93.4,1,4221,0.0,False
launch,2.16,31.5,32,93.4,1,4221,0.0,False
launch,2.16,31.5,32,93.3,1,4221,0.0,False
launch,2.17,31.8,32,93.2,1,4255,0.0,False
launch,2.17,31.8,32,93.1,1,4255,0.0,False
launch,2.18,31.8,32,93.1,1,4255,0.0,False
launch,2.18,32.0,32,93.0,1,4288,0.0,False
launch,2.18,32.0,32,92.9,1,4288,0.0,False
launch,2.19,32.0,32,92.9,1,4288,0.0,False
launch,2.19,32.0,32,92.8,1,4288,0.0,False
launch,2.20,32.3,32,92.7,1,4322,0.0,False
launch,2.21,32.3,32,92.6,1,4322,0.0,False
launch,2.21,32.3,32,92.5,1,4322,0.0,False
launch,2.22,32.5,33,92.5,1,4355,0.0,False
launch,2.22,32.5,33,92.4,1,4355,0.0,False
launch,2.22,32.5,33,92.3,1,4355,0.0,False
launch,2.23,32.5,33,92.3,1,4355,0.0,False
launch,2.23,32.8,33,92.2,1,4388,0.0,False
launch,2.24,32.8,33,92.1,1,4388,0.0,False
launch,2.24,32.8,33,92.1,1,4388,0.0,False
launch,2.25,33.0,33,92.0,1,4422,0.0,False
launch,2.25,33.0,33,91.9,1,4422,0.0,False
launch,2.26,33.0,33,91.8,1,4422,0.0,False
launch,2.26,33.0,33,91.7,1,4422,0.0,False
launch,2.27,33.3,33,91.7,1,4455,0.0,False
launch,2.27,33.3,33,91.6,1,4455,0.0,False
launch,2.27,33.3,33,91.5,1,4455,0.0,False
launch,2.28,33.3,33,91.5,1,4455,0.0,False
launch,2.28,33.5,34,91.4,1,4489,0.0,False
launch,2.29,33.5,34,91.3,1,4489,0.0,False
launch,2.30,33.5,34,91.2,1,4489,0.0,False
launch,2.30,33.8,34,91.1,1,4522,0.0,False
launch,2.31,33.8,34,91.0,1,4522,0.0,False
launch,2.31,34.0,34,90.9,1,4556,0.0,False
launch,2.32,34.0,34,90.9,1,4556,0.0,False
launch,2.32,34.0,34,90.8,1,4556,0.0,False
launch,2.33,34.0,34,90.7,1,4556,0.0,False
launch,2.33,34.2,34,90.6,1,4589,0.0,False
launch,2.34,34.2,34,90.6,1,4589,0.0,False
launch,2.34,34.2,34,90.5,1,4589,0.0,False
launch,2.35,34.2,34,90.4,1,4589,0.0,False
launch,2.35,34.5,34,90.4,1,4622,0.0,False
launch,2.35,34.5,34,90.3,1,4622,0.0,False
launch,2.36,34.5,34,90.2,1,4622,0.0,False
launch,2.37,34.7,35,90.1,1,4656,0.0,False
launch,2.37,34.7,35,90.1,1,4656,0.0,False
launch,2.37,34.7,35,90.0,1,4656,0.0,False
launch,2.38,34.7,35,89.9,1,4656,0.0,False
launch,2.38,35.0,35,89.9,1,4689,0.0,False
launch,2.39,35.0,35,89.8,1,4689,0.0,False
launch,2.39,35.0,35,89.7,1,4689,0.0,False
launch,2.40,35.0,35,89.7,1,4689,0.0,False
launch,2.40,35.2,35,89.6,1,4722,0.0,False
launch,2.40,35.2,35,89.5,1,4722,0.0,False
launch,2.41,35.2,35,89.5,1,4722,0.0,False
launch,2.42,35.5,35,89.4,1,4756,0.0,False
launch,2.42,35.5,35,89.3,1,4756,0.0,False
launch,2.42,35.5,35,89.2,1,4756,0.0,False
launch,2.43,35.5,35,89.2,1,4756,0.0,False
launch,2.43,35.7,36,89.1,1,4789,0.0,False
launch,2.44,35.7,36,89.0,1,4789,0.0,False
launch,2.44,35.7,36,88.9,1,4789,0.0,False
launch,2.45,36.0,36,88.8,1,4822,0.0,False
launch,2.45,36.0,36,88.8,1,4822,0.0,False
launch,2.46,36.0,36,88.7,1,4822,0.0,False
launch,2.46,36.0,36,88.6,1,4822,0.0,False
launch,2.47,36.2,36,88.6,1,4856,0.0,False
launch,2.47,36.2,36,88.5,1,4856,0.0,False
launch,2.47,36.2,36,88.4,1,4856,0.0,False
launch,2.48,36.2,36,88.4,1,4856,0.0,False
launch,2.48,36.5,36,88.3,1,4889,0.0,False
launch,2.49,36.5,36,88.2,1,4889,0.0,False
launch,2.49,36.5,36,88.2,1,4889,0.0,False
launch,2.50,36.7,37,88.1,1,4922,0.0,False
launch,2.50,36.7,37,88.0,1,4922,0.0,False
launch,2.51,36.7,37,87.9,1,4922,0.0,False
launch,2.51,37.0,37,87.8,1,4956,0.0,False
launch,2.52,37.0,37,87.8,1,4956,0.0,False
launch,2.52,37.0,37,87.7,1,4956,0.0,False
launch,2.53,37.0,37,87.6,1,4956,0.0,False
launch,2.53,37.2,37,87.5,1,4989,0.0,False
launch,2.54,37.2,37,87.5,1,4989,0.0,False
launch,2.54,37.2,37,87.4,1,4989,0.0,False
launch,2.55,37.2,37,87.3,1,4989,0.0,False
launch,2.55,37.5,37,87.3,1,5022,0.0,False
launch,2.55,37.5,37,87.2,1,5022,0.0,False
launch,2.56,37.5,37,87.1,1,5022,0.0,False
launch,2.56,37.5,37,87.1,1,5022,0.0,False
launch,2.57,37.7,38,87.0,1,5056,0.0,False
launch,2.57,37.7,38,86.9,1,5056,0.0,False
launch,2.57,37.7,38,86.9,1,5056,0.0,False
launch,2.58,37.7,38,86.8,1,5056,0.0,False
launch,2.58,38.0,38,86.7,1,5089,0.0,False
launch,2.59,38.0,38,86.7,1,5089,0.0,False
launch,2.59,38.0,38,86.6,1,5089,0.0,False
launch,2.60,38.2,38,86.5,1,5122,0.0,False
launch,2.60,38.2,38,86.5,1,5122,0.0,False
launch,2.61,38.2,38,86.4,1,5122,0.0,False
launch,2.61,38.2,38,86.3,1,5122,0.0,False
launch,2.62,38.5,38,86.3,1,5156,0.0,False
launch,2.62,38.5,38,86.2,1,5156,0.0,False
launch,2.62,38.5,38,86.1,1,5156,0.0,False
launch,2.63,38.5,38,86.1,1,5156,0.0,False
launch,2.63,38.7,39,86.0,1,5189,0.0,False
launch,2.64,38.7,39,85.9,1,5189,0.0,False
launch,2.64,38.7,39,85.8,1,5189,0.0,False
launch,2.65,39.0,39,85.8,1,5222,0.0,False
launch,2.65,39.0,39,85.7,1,5222,0.0,False
launch,2.66,39.0,39,85.6,1,5222,0.0,False
launch,2.67,39.2,39,85.5,1,5255,0.0,False
launch,2.67,39.2,39,85.4,1,5255,0.0,False
launch,2.68,39.2,39,85.3,1,5255,0.0,False
launch,2.68,39.5,39,85.2,1,5289,0.0,False
launch,2.69,39.5,39,85.1,1,5289,0.0,False
launch,2.70,39.5,39,85.0,1,5289,0.0,False
launch,2.70,39.7,40,84.9,1,5322,0.0,False
launch,2.71,39.7,40,84.8,1,5322,0.0,False
launch,2.71,39.7,40,84.8,1,5322,0.0,False
launch,2.72,39.9,40,84.7,1,5355,0.0,False
launch,2.72,39.9,40,84.6,1,5355,0.0,False
launch,2.73,39.9,40,84.5,1,5355,0.0,False
launch,2.73,40.2,40,84.4,1,5389,0.0,False
launch,2.74,40.2,40,84.3,1,5389,0.0,False
launch,2.75,40.2,40,84.2,1,5389,0.0,False
launch,2.75,40.4,40,84.2,1,5422,0.0,False
launch,2.76,40.4,40,84.1,1,5422,0.0,False
launch,2.76,40.4,40,84.0,1,5422,0.0,False
launch,2.77,40.7,41,83.8,1,5455,0.0,False
launch,2.78,40.7,41,83.8,1,5455,0.0,False
launch,2.78,40.9,41,83.7,1,5488,0.0,False
launch,2.79,40.9,41,83.6,1,5488,0.0,False
launch,2.80,40.9,41,83.5,1,5488,0.0,False
launch,2.80,41.2,41,83.4,1,5521,0.0,False
launch,2.81,41.2,41,83.3,1,5521,0.0,False
launch,2.82,41.4,41,83.2,1,5555,0.0,False
launch,2.82,41.4,41,83.1,1,5555,0.0,False
launch,2.83,41.4,41,83.0,1,5555,0.0,False
launch,2.84,41.7,42,82.9,1,5588,0.0,False
launch,2.84,41.7,42,82.8,1,5588,0.0,False
launch,2.85,41.9,42,82.7,1,5621,0.0,False
launch,2.85,41.9,42,82.6,1,5621,0.0,False
launch,2.86,41.9,42,82.5,1,5621,0.0,False
launch,2.87,42.2,42,82.3,1,5654,0.0,False
launch,2.87,42.2,42,82.3,1,5654,0.0,False
launch,2.88,42.4,42,82.2,1,5688,0.0,False
launch,2.89,42.4,42,82.1,1,5688,0.0,False
launch,2.89,42.4,42,82.0,1,5688,0.0,False
launch,2.90,42.7,43,81.8,1,5721,0.0,False
launch,2.91,42.7,43,81.7,1,5721,0.0,False
launch,2.91,42.9,43,81.6,1,5754,0.0,False
launch,2.92,42.9,43,81.5,1,5754,0.0,False
launch,2.93,42.9,43,81.5,1,5754,0.0,False
launch,2.93,43.2,43,81.3,1,5787,0.0,False
launch,2.94,43.2,43,81.2,1,5787,0.0,False
launch,2.95,43.2,43,81.1,1,5787,0.0,False
launch,2.95,43.4,43,81.0,1,5820,0.0,False
launch,2.96,43.4,43,80.9,1,5820,0.0,False
launch,2.97,43.7,44,80.8,1,5854,0.0,False
launch,2.98,43.7,44,80.7,1,5854,0.0,False
launch,2.98,43.9,44,80.6,1,5887,0.0,False
launch,2.99,43.9,44,80.5,1,5887,0.0,False
launch,3.00,43.9,44,80.4,1,5887,0.0,False
launch,3.00,44.1,44,80.3,1,5920,0.0,False
launch,3.01,44.1,44,80.2,1,5920,0.0,False
launch,3.02,44.4,44,80.0,1,5953,0.0,False
launch,3.02,44.4,44,79.9,1,5953,0.0,False
launch,3.03,44.4,44,79.8,1,5953,0.0,False
launch,3.04,44.6,45,79.7,1,5986,0.0,False
launch,3.05,44.6,45,79.6,1,5986,0.0,False
launch,3.05,44.9,45,79.5,1,6019,0.0,False
launch,3.06,44.9,45,79.4,1,6019,0.0,False
launch,3.06,45.1,45,79.3,1,6052,0.0,False
launch,3.07,45.1,45,79.2,1,6052,0.0,False
launch,3.08,45.1,45,79.1,1,6052,0.0,False
launch,3.08,45.4,45,79.0,1,6086,0.0,False
launch,3.09,45.4,45,78.9,1,6086,0.0,False
launch,3.10,45.4,45,78.8,1,6086,0.0,False
launch,3.10,45.6,46,78.7,1,6119,0.0,False
launch,3.11,45.6,46,78.6,1,6119,0.0,False
launch,3.12,45.9,46,78.5,1,6152,0.0,False
launch,3.12,45.9,46,78.4,1,6152,0.0,False
launch,3.13,45.9,46,78.3,1,6152,0.0,False
launch,3.14,46.1,46,78.2,1,6185,0.0,False
launch,3.14,46.1,46,78.1,1,6185,0.0,False
launch,3.15,46.4,46,78.0,1,6218,0.0,False
launch,3.16,46.4,46,77.9,1,6218,0.0,False
launch,3.16,46.4,46,77.8,1,6218,0.0,False
launch,3.17,46.6,47,77.7,1,6251,0.0,False
launch,3.18,46.6,47,77.6,1,6251,0.0,False
launch,3.18,46.9,47,77.5,1,6284,0.0,False
launch,3.19,46.9,47,77.4,1,6284,0.0,False
launch,3.20,46.9,47,77.3,1,6284,0.0,False
launch,3.20,47.1,47,77.2,1,6317,0.0,False
launch,3.21,47.1,47,77.1,1,6317,0.0,False
launch,3.22,47.3,47,77.0,1,6350,0.0,False
launch,3.22,47.3,47,76.9,1,6350,0.0,False
launch,3.23,47.3,47,76.8,1,6350,0.0,False
launch,3.24,47.6,48,76.7,1,6383,0.0,False
launch,3.24,47.6,48,76.6,1,6383,0.0,False
launch,3.25,47.8,48,76.5,1,6417,0.0,False
launch,3.25,47.8,48,76.4,1,6417,0.0,False
launch,3.26,47.8,48,76.3,1,6417,0.0,False
launch,3.27,48.1,48,76.2,1,6450,0.0,False
launch,3.27,48.1,48,76.1,1,6450,0.0,False
launch,3.28,48.3,48,76.0,1,6483,0.0,False
launch,3.29,48.3,48,75.9,1,6483,0.0,False
launch,3.29,48.3,48,75.8,1,6483,0.0,False
launch,3.30,48.6,49,75.7,1,6516,0.0,False
launch,3.31,48.6,49,75.6,1,6516,0.0,False
launch,3.32,48.8,49,75.5,1,6549,0.0,False
launch,3.32,48.8,49,75.4,1,6549,0.0,False
launch,3.33,48.8,49,75.3,1,6549,0.0,False
launch,3.33,49.1,49,75.2,1,6582,0.0,False
launch,3.34,49.1,49,75.1,1,6582,0.0,False
launch,3.35,49.1,49,75.0,1,6582,0.0,False
launch,3.35,49.3,49,74.9,1,6615,0.0,False
launch,3.36,49.3,49,74.8,1,6615,0.0,False
launch,3.37,49.6,50,74.7,1,6648,0.0,False
launch,3.37,49.6,50,74.6,1,6648,0.0,False
launch,3.38,49.6,50,74.5,1,6648,0.0,False
launch,3.39,49.8,50,74.4,1,6681,0.0,False
launch,3.39,49.8,50,74.3,1,6681,0.0,False
launch,3.40,50.0,50,74.2,1,6714,0.0,False
launch,3.41,50.0,50,74.1,1,6714,0.0,False
launch,3.41,50.0,50,74.0,1,6714,0.0,False
launch,3.42,50.3,50,73.9,1,6747,0.0,False
launch,3.43,50.3,50,73.8,1,6747,0.0,False
launch,3.43,50.5,51,73.6,1,6780,0.0,False
launch,3.44,50.5,51,73.5,1,6780,0.0,False
launch,3.45,50.8,51,73.4,1,6813,0.0,False
launch,3.46,50.8,51,73.3,1,6813,0.0,False
launch,3.46,50.8,51,73.2,1,6813,0.0,False
launch,3.47,51.0,51,73.1,1,6846,0.0,False
launch,3.47,51.0,51,73.0,1,6846,0.0,False
launch,3.48,51.3,51,72.9,1,6879,0.0,False
launch,3.49,51.3,51,72.8,1,6879,0.0,False
launch,3.49,51.3,51,72.7,1,6879,0.0,False
launch,3.50,51.5,52,72.6,1,6912,0.0,False
launch,3.51,51.5,52,72.5,1,6912,0.0,False
launch,3.51,51.5,52,72.4,1,6912,0.0,False
launch,3.52,51.8,52,72.3,1,6945,0.0,False
launch,3.53,51.8,52,72.2,1,6945,0.0,False
launch,3.53,52.0,52,72.1,1,6978,0.0,False
launch,3.54,52.0,52,72.0,1,6978,0.0,False
launch,3.54,52.0,52,71.9,1,6978,0.0,False
launch,3.55,52.3,52,71.8,1,7011,0.0,False
launch,3.56,52.3,52,71.8,1,7011,0.0,False
launch,3.56,52.3,52,71.7,1,7011,0.0,False
launch,3.57,52.5,52,71.6,1,7043,0.0,False
launch,3.58,52.5,52,71.5,1,7043,0.0,False
launch,3.58,52.7,53,71.3,1,7076,0.0,False
launch,3.59,52.7,53,71.2,1,7076,0.0,False
launch,3.60,53.0,53,71.1,1,7109,0.0,False
launch,3.61,53.0,53,71.0,1,7109,0.0,False
launch,3.61,53.2,53,70.9,1,7142,0.0,False
launch,3.62,53.2,53,70.8,1,7142,0.0,False
launch,3.63,53.2,53,70.7,1,7142,0.0,False
launch,3.63,53.5,53,70.6,1,7175,0.0,False
launch,3.64,53.5,53,70.5,1,7175,0.0,False
launch,3.65,53.5,53,70.4,1,7175,0.0,False
launch,3.65,53.7,54,70.3,1,7208,0.0,False
launch,3.66,53.7,54,70.2,1,7208,0.0,False
launch,3.66,54.0,54,70.1,1,7241,0.0,False
launch,3.67,54.0,54,70.0,1,7241,0.0,False
launch,3.68,54.0,54,69.9,1,7241,0.0,False
launch,3.68,54.2,54,69.8,1,7274,0.0,False
launch,3.69,54.2,54,69.7,1,7274,0.0,False
launch,3.70,54.2,54,69.6,1,7274,0.0,False
launch,3.70,54.5,54,69.5,1,7307,0.0,False
launch,3.71,54.5,54,69.4,1,7307,0.0,False
launch,3.72,54.7,55,69.3,1,7340,0.0,False
launch,3.72,54.7,55,69.2,1,7340,0.0,False
launch,3.73,54.7,55,69.1,1,7340,0.0,False
launch,3.74,54.9,55,69.0,1,7372,0.0,False
launch,3.74,54.9,55,68.9,1,7372,0.0,False
launch,3.75,55.2,55,68.8,1,7405,0.0,False
launch,3.76,55.2,55,68.7,1,7405,0.0,False
launch,3.77,55.4,55,68.6,1,7438,0.0,False
launch,3.77,55.4,55,68.5,1,7438,0.0,False
launch,3.78,55.4,55,68.4,1,7438,0.0,False
launch,3.78,55.4,55,68.3,2,5345,0.0,False
launch,3.79,55.4,55,68.2,2,5345,0.0,False
launch,3.80,55.4,55,68.1,2,5343,0.0,False
launch,3.80,55.4,55,68.1,2,5343,0.0,False
launch,3.81,55.4,55,68.0,2,5343,0.0,False
launch,3.82,55.4,55,68.0,2,5341,0.0,False
launch,3.82,55.4,55,67.9,2,5341,0.0,False
launch,3.83,55.4,55,67.9,2,5340,0.0,False
launch,3.84,55.4,55,67.8,2,5340,0.0,False
launch,3.84,55.4,55,67.8,2,5340,0.0,False
launch,3.85,55.3,55,67.8,2,5338,0.0,False
launch,3.85,55.3,55,67.7,2,5338,0.0,False
launch,3.86,55.3,55,67.7,2,5338,0.0,False
launch,3.87,55.3,55,67.7,2,5336,0.0,False
launch,3.87,55.3,55,67.6,2,5336,0.0,False
launch,3.88,55.3,55,67.6,2,5336,0.0,False
launch,3.89,55.3,55,67.6,2,5335,0.0,False
launch,3.89,55.3,55,67.6,2,5335,0.0,False
launch,3.90,55.3,55,67.6,2,5333,0.0,False
launch,3.91,55.3,55,67.6,2,5333,0.0,False
launch,3.91,55.3,55,67.5,2,5333,0.0,False
launch,3.92,55.3,55,67.5,2,5332,0.0,False
launch,3.92,55.3,55,67.5,2,5332,0.0,False
launch,3.93,55.5,55,67.5,2,5342,0.0,False
launch,3.94,55.5,55,67.5,2,5342,0.0,False
launch,3.95,55.5,55,67.5,2,5342,0.0,False
launch,3.95,55.7,56,67.4,2,5363,0.0,False
launch,3.96,55.7,56,67.4,2,5363,0.0,False
launch,3.97,56.0,56,67.3,2,5385,0.0,False
launch,3.97,56.0,56,67.3,2,5385,0.0,False
launch,3.98,56.0,56,67.2,2,5385,0.0,False
launch,3.99,56.2,56,67.2,2,5407,0.0,False
launch,3.99,56.2,56,67.1,2,5407,0.0,False
launch,4.00,56.4,56,67.1,2,5429,0.0,False
launch,4.00,56.4,56,67.0,2,5429,0.0,False
launch,4.01,56.4,56,67.0,2,5429,0.0,False
launch,4.02,56.6,57,66.9,2,5452,0.0,False
launch,4.03,56.6,57,66.8,2,5452,0.0,False
launch,4.04,56.9,57,66.7,2,5474,0.0,False
launch,4.04,56.9,57,66.6,2,5474,0.0,False
launch,4.05,57.1,57,66.5,2,5497,0.0,False
launch,4.06,57.1,57,66.4,2,5497,0.0,False
launch,4.06,57.1,57,66.4,2,5497,0.0,False
launch,4.07,57.4,57,66.3,2,5520,0.0,False
launch,4.08,57.4,57,66.2,2,5520,0.0,False
launch,4.08,57.6,58,66.1,2,5543,0.0,False
launch,4.09,57.6,58,66.0,2,5543,0.0,False
launch,4.10,57.8,58,65.9,2,5567,0.0,False
launch,4.10,57.8,58,65.8,2,5567,0.0,False
launch,4.11,57.8,58,65.7,2,5567,0.0,False
launch,4.12,58.1,58,65.6,2,5591,0.0,False
launch,4.13,58.1,58,65.5,2,5591,0.0,False
launch,4.13,58.3,58,65.4,2,5614,0.0,False
launch,4.14,58.3,58,65.3,2,5614,0.0,False
launch,4.15,58.3,58,65.3,2,5614,0.0,False
launch,4.15,58.6,59,65.1,2,5638,0.0,False
launch,4.16,58.6,59,65.0,2,5638,0.0,False
launch,4.17,58.8,59,64.9,2,5662,0.0,False
launch,4.17,58.8,59,64.9,2,5662,0.0,False
launch,4.18,58.8,59,64.8,2,5662,0.0,False
launch,4.19,59.1,59,64.6,2,5687,0.0,False
launch,4.19,59.1,59,64.5,2,5687,0.0,False
launch,4.20,59.3,59,64.5,2,5711,0.0,False
launch,4.21,59.3,59,64.4,2,5711,0.0,False
launch,4.21,59.3,59,64.3,2,5711,0.0,False
launch,4.22,59.6,60,64.1,2,5735,0.0,False
launch,4.23,59.6,60,64.1,2,5735,0.0,False
launch,4.23,59.8,60,63.9,2,5759,0.0,False
launch,4.24,59.8,60,63.8,2,5759,0.0,False
launch,4.25,59.8,60,63.8,2,5759,0.0,False
launch,4.25,60.1,60,63.6,2,5783,0.0,False
launch,4.26,60.1,60,63.5,2,5783,0.0,False
launch,4.27,60.3,60,63.4,2,5807,0.0,False
launch,4.28,60.3,60,63.3,2,5807,0.0,False
launch,4.28,60.6,61,63.2,2,5831,0.0,False
launch,4.29,60.6,61,63.1,2,5831,0.0,False
launch,4.30,60.6,61,63.0,2,5831,0.0,False
launch,4.30,60.8,61,62.9,2,5855,0.0,False
launch,4.31,60.8,61,62.8,2,5855,0.0,False
launch,4.32,61.1,61,62.7,2,5879,0.0,False
launch,4.32,61.1,61,62.6,2,5879,0.0,False
launch,4.33,61.1,61,62.5,2,5879,0.0,False
launch,4.34,61.3,61,62.4,2,5903,0.0,False
launch,4.34,61.3,61,62.3,2,5903,0.0,False
launch,4.35,61.6,62,62.2,2,5927,0.0,False
launch,4.36,61.6,62,62.1,2,5927,0.0,False
launch,4.36,61.6,62,62.0,2,5927,0.0,False
launch,4.37,61.8,62,61.9,2,5950,0.0,False
launch,4.37,61.8,62,61.8,2,5950,0.0,False
launch,4.38,62.1,62,61.7,2,5974,0.0,False
launch,4.39,62.1,62,61.6,2,5974,0.0,False
launch,4.39,62.1,62,61.5,2,5974,0.0,False
launch,4.40,62.3,62,61.4,2,5997,0.0,False
launch,4.41,62.3,62,61.3,2,5997,0.0,False
launch,4.41,62.3,62,61.2,2,5997,0.0,False
launch,4.42,62.5,63,61.1,2,6020,0.0,False
launch,4.43,62.5,63,61.0,2,6020,0.0,False
launch,4.43,62.8,63,60.9,2,6044,0.0,False
launch,4.44,62.8,63,60.8,2,6044,0.0,False
launch,4.44,62.8,63,60.7,2,6044,0.0,False
launch,4.45,63.0,63,60.6,2,6067,0.0,False
launch,4.46,63.0,63,60.5,2,6067,0.0,False
launch,4.47,63.3,63,60.4,2,6090,0.0,False
launch,4.47,63.3,63,60.3,2,6090,0.0,False
launch,4.48,63.3,63,60.2,2,6090,0.0,False
launch,4.49,63.5,64,60.1,2,6113,0.0,False
launch,4.49,63.5,64,60.0,2,6113,0.0,False
launch,4.50,63.7,64,59.9,2,6136,0.0,False
launch,4.51,63.7,64,59.8,2,6136,0.0,False
launch,4.51,63.7,64,59.7,2,6136,0.0,False
launch,4.52,64.0,64,59.6,2,6159,0.0,False
launch,4.52,64.0,64,59.5,2,6159,0.0,False
launch,4.53,64.2,64,59.4,2,6182,0.0,False
launch,4.54,64.2,64,59.3,2,6182,0.0,False
launch,4.54,64.2,64,59.2,2,6182,0.0,False
launch,4.55,64.5,64,59.1,2,6205,0.0,False
launch,4.56,64.5,64,59.0,2,6205,0.0,False
launch,4.56,64.5,64,58.9,2,6205,0.0,False
launch,4.57,64.7,65,58.8,2,6228,0.0,False
launch,4.58,64.7,65,58.7,2,6228,0.0,False
launch,4.58,64.9,65,58.6,2,6252,0.0,False
launch,4.59,64.9,65,58.5,2,6252,0.0,False
launch,4.59,64.9,65,58.5,2,6252,0.0,False
launch,4.60,65.2,65,58.3,2,6275,0.0,False
launch,4.61,65.2,65,58.2,2,6275,0.0,False
launch,4.62,65.4,65,58.1,2,6298,0.0,False
launch,4.62,65.4,65,58.0,2,6298,0.0,False
launch,4.63,65.4,65,57.9,2,6298,0.0,False
launch,4.64,65.7,66,57.8,2,6321,0.0,False
launch,4.64,65.7,66,57.7,2,6321,0.0,False
launch,4.65,65.9,66,57.6,2,6344,0.0,False
launch,4.66,65.9,66,57.5,2,6344,0.0,False
launch,4.66,65.9,66,57.4,2,6344,0.0,False
launch,4.67,66.1,66,57.3,2,6367,0.0,False
launch,4.68,66.1,66,57.2,2,6367,0.0,False
launch,4.68,66.4,66,57.1,2,6391,0.0,False
launch,4.69,66.4,66,57.0,2,6391,0.0,False
launch,4.70,66.4,66,56.9,2,6391,0.0,False
launch,4.70,66.6,67,56.8,2,6414,0.0,False
launch,4.71,66.6,67,56.7,2,6414,0.0,False
launch,4.72,66.9,67,56.6,2,6437,0.0,False
launch,4.72,66.9,67,56.5,2,6437,0.0,False
launch,4.73,66.9,67,56.4,2,6437,0.0,False
launch,4.74,67.1,67,56.3,2,6460,0.0,False
launch,4.74,67.1,67,56.2,2,6460,0.0,False
launch,4.75,67.4,67,56.1,2,6484,0.0,False
launch,4.76,67.4,67,56.0,2,6484,0.0,False
launch,4.76,67.4,67,55.9,2,6484,0.0,False
launch,4.77,67.6,68,55.8,2,6507,0.0,False
launch,4.78,67.6,68,55.7,2,6507,0.0,False
launch,4.78,67.8,68,55.6,2,6530,0.0,False
launch,4.79,67.8,68,55.5,2,6530,0.0,False
launch,4.80,67.8,68,55.4,2,6530,0.0,False
launch,4.80,68.1,68,55.3,2,6554,0.0,False
launch,4.81,68.1,68,55.2,2,6554,0.0,False
launch,4.82,68.3,68,55.1,2,6577,0.0,False
launch,4.82,68.3,68,55.0,2,6577,0.0,False
launch,4.83,68.3,68,54.9,2,6577,0.0,False
launch,4.84,68.6,69,54.8,2,6600,0.0,False
launch,4.84,68.6,69,54.7,2,6600,0.0,False
launch,4.85,68.8,69,54.6,2,6624,0.0,False
launch,4.86,68.8,69,54.5,2,6624,0.0,False
launch,4.86,68.8,69,54.4,2,6624,0.0,False
launch,4.87,69.0,69,54.3,2,6647,0.0,False
launch,4.87,69.0,69,54.3,2,6647,0.0,False
launch,4.88,69.0,69,54.2,2,6647,0.0,False
launch,4.89,69.3,69,54.1,2,6670,0.0,False
launch,4.89,69.3,69,54.0,2,6670,0.0,False
launch,4.90,69.5,70,53.9,2,6694,0.0,False
launch,4.91,69.5,70,53.7,2,6694,0.0,False
launch,4.92,69.8,70,53.6,2,6717,0.0,False
launch,4.92,69.8,70,53.5,2,6717,0.0,False
launch,4.93,69.8,70,53.4,2,6717,0.0,False
launch,4.94,70.0,70,53.3,2,6740,0.0,False
launch,4.94,70.0,70,53.2,2,6740,0.0,False
launch,4.95,70.2,70,53.1,2,6763,0.0,False
launch,4.95,70.2,70,53.0,2,6763,0.0,False
launch,4.96,70.2,70,52.9,2,6763,0.0,False
launch,4.97,70.5,70,52.8,2,6786,0.0,False
launch,4.97,70.5,70,52.7,2,6786,0.0,False
launch,4.98,70.5,70,52.6,2,6786,0.0,False
launch,4.99,70.7,71,52.5,2,6810,0.0,False
launch,5.00,70.7,71,52.4,2,6810,0.0,False
launch,5.00,71.0,71,52.3,2,6833,0.0,False
launch,5.01,71.0,71,52.2,2,6833,0.0,False
launch,5.01,71.2,71,52.1,2,6856,0.0,False
launch,5.02,71.2,71,52.0,2,6856,0.0,False
launch,5.03,71.2,71,51.9,2,6856,0.0,False
launch,5.03,71.4,71,51.8,2,6879,0.0,False
launch,5.04,71.4,71,51.7,2,6879,0.0,False
launch,5.05,71.4,71,51.6,2,6879,0.0,False
launch,5.06,71.7,72,51.5,2,6902,0.0,False
launch,5.06,71.7,72,51.4,2,6902,0.0,False
launch,5.07,71.9,72,51.3,2,6925,0.0,False
launch,5.08,71.9,72,51.2,2,6925,0.0,False
launch,5.08,72.2,72,51.1,2,6948,0.0,False
launch,5.09,72.2,72,51.0,2,6948,0.0,False
launch,5.10,72.2,72,50.9,2,6948,0.0,False
launch,5.10,72.4,72,50.8,2,6971,0.0,False
launch,5.11,72.4,72,50.7,2,6971,0.0,False
launch,5.12,72.6,73,50.6,2,6994,0.0,False
launch,5.12,72.6,73,50.5,2,6994,0.0,False
launch,5.13,72.6,73,50.4,2,6994,0.0,False
launch,5.13,72.9,73,50.3,2,7018,0.0,False
launch,5.14,72.9,73,50.2,2,7018,0.0,False
launch,5.15,73.1,73,50.1,2,7041,0.0,False
launch,5.15,73.1,73,50.0,2,7041,0.0,False
launch,5.16,73.1,73,49.9,2,7041,0.0,False
launch,5.17,73.4,73,49.8,2,7064,0.0,False
launch,5.17,73.4,73,49.7,2,7064,0.0,False
launch,5.18,73.4,73,49.6,2,7064,0.0,False
launch,5.19,73.6,74,49.5,2,7087,0.0,False
launch,5.19,73.6,74,49.4,2,7087,0.0,False
launch,5.20,73.8,74,49.3,2,7110,0.0,False
launch,5.21,73.8,74,49.2,2,7110,0.0,False
launch,5.22,74.1,74,49.1,2,7133,0.0,False
launch,5.22,74.1,74,49.0,2,7133,0.0,False
launch,5.23,74.1,74,48.9,2,7133,0.0,False
launch,5.23,74.3,74,48.8,2,7156,0.0,False
launch,5.24,74.3,74,48.7,2,7156,0.0,False
launch,5.25,74.3,74,48.7,2,7156,0.0,False
launch,5.25,74.6,75,48.5,2,7179,0.0,False
launch,5.26,74.6,75,48.4,2,7179,0.0,False
launch,5.27,74.8,75,48.3,2,7202,0.0,False
launch,5.27,74.8,75,48.3,2,7202,0.0,False
launch,5.28,74.8,75,48.2,2,7202,0.0,False
launch,5.29,75.0,75,48.1,2,7225,0.0,False
launch,5.29,75.0,75,48.0,2,7225,0.0,False
launch,5.30,75.3,75,47.9,2,7248,0.0,False
launch,5.30,75.3,75,47.8,2,7248,0.0,False
launch,5.31,75.3,75,47.7,2,7248,0.0,False
launch,5.32,75.5,76,47.6,2,7271,0.0,False
launch,5.32,75.5,76,47.5,2,7271,0.0,False
launch,5.33,75.8,76,47.4,2,7294,0.0,False
launch,5.34,75.8,76,47.3,2,7294,0.0,False
launch,5.34,75.8,76,47.2,2,7294,0.0,False
launch,5.35,76.0,76,47.1,2,7317,0.0,False
launch,5.36,76.0,76,47.0,2,7317,0.0,False
launch,5.37,76.2,76,46.9,2,7340,0.0,False
launch,5.37,76.2,76,46.7,2,7340,0.0,False
launch,5.38,76.2,76,46.7,2,7340,0.0,False
launch,5.39,76.5,76,46.6,2,7363,0.0,False
launch,5.39,76.5,76,46.5,2,7363,0.0,False
launch,5.40,76.7,77,46.4,2,7386,0.0,False
launch,5.41,76.7,77,46.3,2,7386,0.0,False
launch,5.41,76.7,77,46.2,2,7386,0.0,False
launch,5.42,76.9,77,46.1,2,7409,0.0,False
launch,5.42,76.9,77,46.0,2,7409,0.0,False
launch,5.43,77.2,77,45.9,2,7432,0.0,False
launch,5.44,77.2,77,45.8,2,7432,0.0,False
launch,5.44,77.2,77,45.7,2,7432,0.0,False
launch,5.45,77.2,77,45.6,3,5337,0.0,False
launch,5.46,77.2,77,45.5,3,5337,0.0,False
launch,5.46,77.2,77,45.5,3,5337,0.0,False
launch,5.47,77.1,77,45.4,3,5335,0.0,False
launch,5.48,77.1,77,45.4,3,5335,0.0,False
launch,5.48,77.1,77,45.3,3,5334,0.0,False
launch,5.49,77.1,77,45.3,3,5334,0.0,False
launch,5.49,77.1,77,45.2,3,5334,0.0,False
launch,5.50,77.1,77,45.2,3,5332,0.0,False
launch,5.51,77.1,77,45.1,3,5332,0.0,False
launch,5.51,77.1,77,45.1,3,5330,0.0,False
launch,5.52,77.1,77,45.1,3,5330,0.0,False
launch,5.53,77.1,77,45.0,3,5330,0.0,False
launch,5.53,77.0,77,45.0,3,5329,0.0,False
launch,5.54,77.0,77,45.0,3,5329,0.0,False
launch,5.55,77.0,77,45.0,3,5329,0.0,False
launch,5.55,77.0,77,45.0,3,5327,0.0,False
launch,5.56,77.0,77,44.9,3,5327,0.0,False
launch,5.57,77.0,77,44.9,3,5326,0.0,False
launch,5.57,77.0,77,44.9,3,5326,0.0,False
launch,5.58,77.0,77,44.9,3,5326,0.0,False
launch,5.59,77.0,77,44.9,3,5324,0.0,False
launch,5.59,77.0,77,44.9,3,5324,0.0,False
launch,5.60,77.2,77,44.9,3,5330,0.0,False
launch,5.61,77.2,77,44.9,3,5330,0.0,False
launch,5.61,77.2,77,44.8,3,5330,0.0,False
launch,5.62,77.4,77,44.8,3,5345,0.0,False
launch,5.63,77.4,77,44.8,3,5345,0.0,False
launch,5.63,77.6,78,44.7,3,5359,0.0,False
launch,5.64,77.6,78,44.7,3,5359,0.0,False
launch,5.65,77.8,78,44.6,3,5374,0.0,False
launch,5.66,77.8,78,44.6,3,5374,0.0,False
launch,5.66,77.8,78,44.5,3,5374,0.0,False
launch,5.67,78.0,78,44.4,3,5388,0.0,False
launch,5.68,78.0,78,44.4,3,5388,0.0,False
launch,5.68,78.2,78,44.3,3,5403,0.0,False
launch,5.69,78.2,78,44.3,3,5403,0.0,False
launch,5.70,78.2,78,44.2,3,5403,0.0,False
launch,5.70,78.4,78,44.1,3,5417,0.0,False
launch,5.71,78.4,78,44.1,3,5417,0.0,False
launch,5.72,78.6,79,44.0,3,5432,0.0,False
launch,5.72,78.6,79,43.9,3,5432,0.0,False
launch,5.73,78.8,79,43.8,3,5446,0.0,False
launch,5.74,78.8,79,43.8,3,5446,0.0,False
launch,5.74,78.8,79,43.7,3,5446,0.0,False
launch,5.75,79.1,79,43.6,3,5460,0.0,False
launch,5.75,79.1,79,43.6,3,5460,0.0,False
launch,5.76,79.1,79,43.5,3,5460,0.0,False
launch,5.77,79.3,79,43.4,3,5475,0.0,False
launch,5.78,79.3,79,43.3,3,5475,0.0,False
launch,5.78,79.5,79,43.3,3,5489,0.0,False
launch,5.79,79.5,79,43.2,3,5489,0.0,False
launch,5.79,79.5,79,43.1,3,5489,0.0,False
launch,5.80,79.7,80,43.0,3,5503,0.0,False
launch,5.81,79.7,80,42.9,3,5503,0.0,False
launch,5.82,79.9,80,42.8,3,5517,0.0,False
launch,5.82,79.9,80,42.8,3,5517,0.0,False
launch,5.83,79.9,80,42.7,3,5517,0.0,False
launch,5.83,80.1,80,42.6,3,5531,0.0,False
launch,5.84,80.1,80,42.5,3,5531,0.0,False
launch,5.85,80.3,80,42.4,3,5545,0.0,False
launch,5.85,80.3,80,42.4,3,5545,0.0,False
launch,5.86,80.3,80,42.3,3,5545,0.0,False
launch,5.87,80.5,80,42.2,3,5560,0.0,False
launch,5.87,80.5,80,42.1,3,5560,0.0,False
launch,5.88,80.7,81,42.0,3,5574,0.0,False
launch,5.89,80.7,81,41.9,3,5574,0.0,False
launch,5.90,80.7,81,41.9,3,5574,0.0,False
launch,5.90,80.9,81,41.8,3,5588,0.0,False
launch,5.91,80.9,81,41.7,3,5588,0.0,False
launch,5.91,81.1,81,41.6,3,5602,0.0,False
launch,5.92,81.1,81,41.5,3,5602,0.0,False
launch,5.93,81.1,81,41.5,3,5602,0.0,False
launch,5.93,81.3,81,41.4,3,5616,0.0,False
launch,5.94,81.3,81,41.3,3,5616,0.0,False
launch,5.95,81.5,82,41.2,3,5630,0.0,False
launch,5.95,81.5,82,41.1,3,5630,0.0,False
launch,5.96,81.5,82,41.0,3,5630,0.0,False
launch,5.97,81.7,82,40.9,3,5644,0.0,False
launch,5.98,81.7,82,40.8,3,5644,0.0,False
launch,5.98,81.9,82,40.8,3,5658,0.0,False
launch,5.99,81.9,82,40.7,3,5658,0.0,False
launch,5.99,81.9,82,40.6,3,5658,0.0,False
launch,6.00,82.1,82,40.5,3,5672,0.0,False
launch,6.01,82.1,82,40.4,3,5672,0.0,False
launch,6.02,82.3,82,40.3,3,5686,0.0,False
launch,6.02,82.3,82,40.3,3,5686,0.0,False
launch,6.03,82.3,82,40.2,3,5686,0.0,False
launch,6.04,82.5,83,40.0,3,5700,0.0,False
launch,6.05,82.5,83,40.0,3,5700,0.0,False
launch,6.05,82.7,83,39.9,3,5714,0.0,False
launch,6.06,82.7,83,39.8,3,5714,0.0,False
launch,6.07,82.9,83,39.7,3,5728,0.0,False
launch,6.08,82.9,83,39.6,3,5728,0.0,False
launch,6.08,83.1,83,39.5,3,5741,0.0,False
launch,6.09,83.1,83,39.4,3,5741,0.0,False
launch,6.09,83.1,83,39.3,3,5741,0.0,False
launch,6.10,83.3,83,39.3,3,5755,0.0,False
launch,6.11,83.3,83,39.2,3,5755,0.0,False
launch,6.12,83.5,84,39.1,3,5769,0.0,False
launch,6.12,83.5,84,39.0,3,5769,0.0,False
launch,6.13,83.7,84,38.9,3,5783,0.0,False
launch,6.14,83.7,84,38.8,3,5783,0.0,False
launch,6.14,83.7,84,38.7,3,5783,0.0,False
launch,6.15,83.9,84,38.6,3,5797,0.0,False
launch,6.16,83.9,84,38.6,3,5797,0.0,False
launch,6.16,83.9,84,38.5,3,5797,0.0,False
launch,6.17,84.1,84,38.4,3,5811,0.0,False
launch,6.18,84.1,84,38.3,3,5811,0.0,False
launch,6.18,84.3,84,38.2,3,5825,0.0,False
launch,6.19,84.3,84,38.2,3,5825,0.0,False
launch,6.19,84.3,84,38.1,3,5825,0.0,False
launch,6.20,84.5,85,38.0,3,5839,0.0,False
launch,6.21,84.5,85,37.9,3,5839,0.0,False
launch,6.22,84.7,85,37.8,3,5853,0.0,False
launch,6.22,84.7,85,37.7,3,5853,0.0,False
launch,6.23,84.7,85,37.7,3,5853,0.0,False
launch,6.23,84.9,85,37.6,3,5866,0.0,False
launch,6.24,84.9,85,37.5,3,5866,0.0,False
launch,6.25,85.1,85,37.4,3,5880,0.0,False
launch,6.25,85.1,85,37.3,3,5880,0.0,False
launch,6.26,85.1,85,37.3,3,5880,0.0,False
launch,6.27,85.3,85,37.2,3,5894,0.0,False
launch,6.28,85.3,85,37.1,3,5894,0.0,False
launch,6.28,85.5,86,36.9,3,5908,0.0,False
launch,6.29,85.5,86,36.9,3,5908,0.0,False
launch,6.30,85.7,86,36.8,3,5921,0.0,False
launch,6.31,85.7,86,36.7,3,5921,0.0,False
launch,6.31,85.7,86,36.6,3,5921,0.0,False
launch,6.32,85.9,86,36.5,3,5935,0.0,False
launch,6.32,85.9,86,36.4,3,5935,0.0,False
launch,6.33,86.1,86,36.4,3,5949,0.0,False
launch,6.34,86.1,86,36.3,3,5949,0.0,False
launch,6.34,86.1,86,36.2,3,5949,0.0,False
launch,6.35,86.3,86,36.1,3,5963,0.0,False
launch,6.36,86.3,86,36.1,3,5963,0.0,False
launch,6.36,86.3,86,36.0,3,5963,0.0,False
launch,6.37,86.5,87,35.9,3,5976,0.0,False
launch,6.38,86.5,87,35.8,3,5976,0.0,False
launch,6.38,86.7,87,35.7,3,5990,0.0,False
launch,6.39,86.7,87,35.6,3,5990,0.0,False
launch,6.40,86.7,87,35.6,3,5990,0.0,False
launch,6.40,86.9,87,35.5,3,6004,0.0,False
launch,6.41,86.9,87,35.4,3,6004,0.0,False
launch,6.42,87.1,87,35.3,3,6017,0.0,False
launch,6.42,87.1,87,35.2,3,6017,0.0,False
launch,6.43,87.3,87,35.1,3,6031,0.0,False
launch,6.44,87.3,87,35.0,3,6031,0.0,False
launch,6.44,87.3,87,35.0,3,6031,0.0,False
launch,6.45,87.5,87,34.9,3,6044,0.0,False
launch,6.46,87.5,87,34.8,3,6044,0.0,False
launch,6.46,87.5,87,34.8,3,6044,0.0,False
launch,6.47,87.7,88,34.7,3,6058,0.0,False
launch,6.48,87.7,88,34.6,3,6058,0.0,False
launch,6.48,87.9,88,34.5,3,6072,0.0,False
launch,6.49,87.9,88,34.4,3,6072,0.0,False
launch,6.49,87.9,88,34.4,3,6072,0.0,False
launch,6.50,88.1,88,34.3,3,6085,0.0,False
launch,6.51,88.1,88,34.2,3,6085,0.0,False
launch,6.51,88.1,88,34.1,3,6085,0.0,False
launch,6.52,88.3,88,34.0,3,6099,0.0,False
launch,6.53,88.3,88,34.0,3,6099,0.0,False
launch,6.53,88.5,88,33.9,3,6112,0.0,False
launch,6.54,88.5,88,33.8,3,6112,0.0,False
launch,6.54,88.5,88,33.7,3,6112,0.0,False
launch,6.55,88.7,89,33.6,3,6126,0.0,False
launch,6.56,88.7,89,33.6,3,6126,0.0,False
launch,6.57,88.9,89,33.5,3,6139,0.0,False
launch,6.57,88.9,89,33.4,3,6139,0.0,False
launch,6.58,89.1,89,33.3,3,6153,0.0,False
launch,6.59,89.1,89,33.2,3,6153,0.0,False
launch,6.59,89.1,89,33.1,3,6153,0.0,False
launch,6.60,89.3,89,33.0,3,6166,0.0,False
launch,6.61,89.3,89,33.0,3,6166,0.0,False
launch,6.61,89.3,89,32.9,3,6166,0.0,False
launch,6.62,89.4,89,32.8,3,6180,0.0,False
launch,6.63,89.4,89,32.7,3,6180,0.0,False
launch,6.63,89.6,90,32.7,3,6193,0.0,False
launch,6.64,89.6,90,32.6,3,6193,0.0,False
launch,6.65,89.6,90,32.5,3,6193,0.0,False
launch,6.65,89.8,90,32.4,3,6206,0.0,False
launch,6.66,89.8,90,32.3,3,6206,0.0,False
launch,6.67,90.0,90,32.3,3,6220,0.0,False
launch,6.67,90.0,90,32.2,3,6220,0.0,False
launch,6.68,90.0,90,32.1,3,6220,0.0,False
launch,6.69,90.2,90,32.0,3,6233,0.0,False
launch,6.69,90.2,90,31.9,3,6233,0.0,False
launch,6.70,90.4,90,31.9,3,6247,0.0,False
launch,6.71,90.4,90,31.8,3,6247,0.0,False
launch,6.71,90.4,90,31.7,3,6247,0.0,False
launch,6.72,90.6,91,31.6,3,6260,0.0,False
launch,6.73,90.6,91,31.5,3,6260,0.0,False
launch,6.73,90.8,91,31.4,3,6273,0.0,False
launch,6.74,90.8,91,31.3,3,6273,0.0,False
launch,6.75,90.8,91,31.3,3,6273,0.0,False
launch,6.75,91.0,91,31.2,3,6287,0.0,False
launch,6.76,91.0,91,31.1,3,6287,0.0,False
launch,6.77,91.2,91,31.1,3,6300,0.0,False
launch,6.77,91.2,91,31.0,3,6300,0.0,False
launch,6.78,91.2,91,30.9,3,6300,0.0,False
launch,6.79,91.4,91,30.8,3,6313,0.0,False
launch,6.79,91.4,91,30.7,3,6313,0.0,False
launch,6.80,91.6,92,30.7,3,6327,0.0,False
launch,6.81,91.6,92,30.6,3,6327,0.0,False
launch,6.81,91.6,92,30.5,3,6327,0.0,False
launch,6.82,91.8,92,30.4,3,6340,0.0,False
launch,6.82,91.8,92,30.3,3,6340,0.0,False
launch,6.83,92.0,92,30.3,3,6353,0.0,False
launch,6.84,92.0,92,30.2,3,6353,0.0,False
launch,6.84,92.0,92,30.1,3,6353,0.0,False
launch,6.85,92.1,92,30.0,3,6366,0.0,False
launch,6.86,92.1,92,29.9,3,6366,0.0,False
launch,6.86,92.3,92,29.9,3,6380,0.0,False
launch,6.87,92.3,92,29.8,3,6380,0.0,False
launch,6.88,92.3,92,29.7,3,6380,0.0,False
launch,6.89,92.5,93,29.6,3,6393,0.0,False
launch,6.89,92.5,93,29.5,3,6393,0.0,False
launch,6.90,92.7,93,29.4,3,6406,0.0,False
launch,6.91,92.7,93,29.3,3,6406,0.0,False
launch,6.91,92.7,93,29.3,3,6406,0.0,False
launch,6.92,92.9,93,29.2,3,6419,0.0,False
launch,6.92,92.9,93,29.1,3,6419,0.0,False
launch,6.93,93.1,93,29.1,3,6432,0.0,False
launch,6.94,93.1,93,29.0,3,6432,0.0,False
launch,6.94,93.1,93,28.9,3,6432,0.0,False
launch,6.95,93.3,93,28.8,3,6445,0.0,False
launch,6.96,93.3,93,28.7,3,6445,0.0,False
launch,6.96,93.3,93,28.7,3,6445,0.0,False
launch,6.97,93.5,93,28.6,3,6459,0.0,False
launch,6.98,93.5,93,28.5,3,6459,0.0,False
launch,6.99,93.7,94,28.4,3,6472,0.0,False
launch,6.99,93.7,94,28.3,3,6472,0.0,False
launch,7.00,93.9,94,28.3,3,6485,0.0,False
launch,7.01,93.9,94,28.2,3,6485,0.0,False
launch,7.01,93.9,94,28.1,3,6485,0.0,False
launch,7.02,94.0,94,28.0,3,6498,0.0,False
launch,7.02,94.0,94,27.9,3,6498,0.0,False
launch,7.03,94.0,94,27.9,3,6498,0.0,False
launch,7.04,94.2,94,27.7,3,6511,0.0,False
launch,7.05,94.4,94,27.6,3,6524,0.0,False
launch,7.06,94.4,94,27.6,3,6524,0.0,False
launch,7.06,94.4,94,27.5,3,6524,0.0,False
launch,7.07,94.6,95,27.4,3,6537,0.0,False
launch,7.08,94.6,95,27.3,3,6537,0.0,False
launch,7.08,94.8,95,27.2,3,6550,0.0,False
launch,7.09,94.8,95,27.2,3,6550,0.0,False
launch,7.10,94.8,95,27.1,3,6550,0.0,False
launch,7.10,95.0,95,27.0,3,6563,0.0,False
launch,7.11,95.0,95,26.9,3,6563,0.0,False
launch,7.11,95.2,95,26.9,3,6576,0.0,False
launch,7.12,95.2,95,26.8,3,6576,0.0,False
launch,7.13,95.2,95,26.7,3,6576,0.0,False
launch,7.13,95.4,95,26.6,3,6589,0.0,False
launch,7.14,95.4,95,26.6,3,6589,0.0,False
launch,7.15,95.6,96,26.5,3,6602,0.0,False
launch,7.15,95.6,96,26.4,3,6602,0.0,False
launch,7.16,95.6,96,26.3,3,6602,0.0,False
launch,7.17,95.7,96,26.3,3,6615,0.0,False
launch,7.17,95.7,96,26.2,3,6615,0.0,False
launch,7.18,95.7,96,26.1,3,6615,0.0,False
launch,7.19,95.9,96,26.0,3,6628,0.0,False
launch,7.20,95.9,96,25.9,3,6628,0.0,False
launch,7.20,96.1,96,25.8,3,6641,0.0,False
launch,7.21,96.1,96,25.8,3,6641,0.0,False
launch,7.21,96.3,96,25.7,3,6654,0.0,False
launch,7.22,96.3,96,25.6,3,6654,0.0,False
launch,7.23,96.3,96,25.6,3,6654,0.0,False
launch,7.23,96.5,96,25.5,3,6667,0.0,False
launch,7.24,96.5,96,25.4,3,6667,0.0,False
launch,7.25,96.5,96,25.3,3,6667,0.0,False
launch,7.25,96.7,97,25.2,3,6680,0.0,False
launch,7.26,96.7,97,25.2,3,6680,0.0,False
launch,7.27,96.9,97,25.1,3,6692,0.0,False
launch,7.27,96.9,97,25.0,3,6692,0.0,False
launch,7.28,96.9,97,24.9,3,6692,0.0,False
launch,7.29,97.0,97,24.9,3,6705,0.0,False
launch,7.29,97.0,97,24.8,3,6705,0.0,False
launch,7.30,97.2,97,24.7,3,6718,0.0,False
launch,7.31,97.2,97,24.6,3,6718,0.0,False
launch,7.31,97.2,97,24.6,3,6718,0.0,False
launch,7.32,97.4,97,24.5,3,6731,0.0,False
launch,7.33,97.4,97,24.4,3,6731,0.0,False
launch,7.34,97.6,98,24.3,3,6744,0.0,False
launch,7.34,97.6,98,24.2,3,6744,0.0,False
launch,7.35,97.8,98,24.1,3,6757,0.0,False
launch,7.35,97.8,98,24.1,3,6757,0.0,False
launch,7.36,97.8,98,24.0,3,6757,0.0,False
launch,7.37,98.0,98,23.9,3,6769,0.0,False
launch,7.37,98.0,98,23.8,3,6769,0.0,False
launch,7.38,98.0,98,23.8,3,6769,0.0,False
launch,7.39,98.2,98,23.7,3,6782,0.0,False
launch,7.39,98.2,98,23.6,3,6782,0.0,False
launch,7.40,98.3,98,23.6,3,6795,0.0,False
launch,7.40,98.3,98,23.5,3,6795,0.0,False
launch,7.41,98.3,98,23.4,3,6795,0.0,False
launch,7.42,98.5,99,23.3,3,6808,0.0,False
launch,7.42,98.5,99,23.2,3,6808,0.0,False
launch,7.43,98.7,99,23.2,3,6820,0.0,False
launch,7.44,98.7,99,23.1,3,6820,0.0,False
launch,7.44,98.7,99,23.0,3,6820,0.0,False
launch,7.45,98.9,99,23.0,3,6833,0.0,False
launch,7.46,98.9,99,22.9,3,6833,0.0,False
launch,7.46,98.9,99,22.8,3,6833,0.0,False
launch,7.47,99.1,99,22.7,3,6846,0.0,False
launch,7.48,99.1,99,22.7,3,6846,0.0,False
launch,7.48,99.3,99,22.6,3,6858,0.0,False
launch,7.49,99.3,99,22.5,3,6858,0.0,False
launch,7.49,99.3,99,22.4,3,6858,0.0,False
launch,7.50,99.4,99,22.4,3,6871,0.0,False
launch,7.51,99.4,99,22.3,3,6871,0.0,False
launch,7.51,99.4,99,22.2,3,6871,0.0,False
launch,7.52,99.6,100,22.1,3,6884,0.0,False
launch,7.53,99.6,100,22.1,3,6884,0.0,False
launch,7.53,99.8,100,22.0,3,6896,0.0,False
launch,7.54,99.8,100,21.9,3,6896,0.0,False
launch,7.55,99.8,100,21.8,3,6896,0.0,False
launch,7.55,100.0,100,21.8,3,6909,0.0,False
launch,7.56,100.0,100,21.7,3,6909,0.0,False
launch,7.57,100.2,100,21.6,3,6922,0.0,False
launch,7.57,100.2,100,21.6,3,6922,0.0,False
launch,7.58,100.2,100,21.5,3,6922,0.0,False
launch,7.59,100.4,100,21.4,3,6934,0.0,False
launch,7.59,100.4,100,21.3,3,6934,0.0,False
launch,7.60,100.5,101,21.2,3,6947,0.0,False
launch,7.61,100.5,101,21.1,3,6947,0.0,False
launch,7.61,100.7,101,21.1,3,6959,0.0,False
launch,7.62,100.7,101,21.0,3,6959,0.0,False
launch,7.63,100.7,101,20.9,3,6959,0.0,False
launch,7.63,100.9,101,20.9,3,6972,0.0,False
launch,7.64,100.9,101,20.8,3,6972,0.0,False
launch,7.65,100.9,101,20.7,3,6972,0.0,False
launch,7.65,101.1,101,20.7,3,6984,0.0,False
launch,7.66,101.1,101,20.6,3,6984,0.0,False
launch,7.66,101.3,101,20.5,3,6997,0.0,False
launch,7.67,101.3,101,20.4,3,6997,0.0,False
launch,7.68,101.3,101,20.4,3,6997,0.0,False
launch,7.68,101.4,101,20.3,3,7009,0.0,False
launch,7.69,101.4,101,20.2,3,7009,0.0,False
launch,7.69,101.4,101,20.2,3,7009,0.0,False
launch,7.70,101.6,102,20.1,3,7022,0.0,False
launch,7.71,101.6,102,20.0,3,7022,0.0,False
launch,7.71,101.8,102,19.9,3,7034,0.0,False
launch,7.72,101.8,102,19.9,3,7034,0.0,False
launch,7.73,101.8,102,19.8,3,7034,0.0,False
launch,7.74,102.0,102,19.7,3,7047,0.0,False
launch,7.74,102.0,102,19.6,3,7047,0.0,False
launch,7.75,102.2,102,19.6,3,7059,0.0,False
launch,7.76,102.2,102,19.5,3,7059,0.0,False
launch,7.76,102.2,102,19.4,3,7059,0.0,False
launch,7.77,102.3,102,19.3,3,7072,0.0,False
launch,7.77,102.3,102,19.3,3,7072,0.0,False
launch,7.78,102.5,103,19.2,3,7084,0.0,False
launch,7.79,102.5,103,19.1,3,7084,0.0,False
launch,7.80,102.5,103,19.0,3,7084,0.0,False
launch,7.80,102.7,103,18.9,3,7096,0.0,False
launch,7.81,102.7,103,18.9,3,7096,0.0,False
launch,7.82,102.9,103,18.8,3,7109,0.0,False
launch,7.82,102.9,103,18.7,3,7109,0.0,False
launch,7.83,102.9,103,18.6,3,7109,0.0,False
launch,7.84,103.1,103,18.6,3,7121,0.0,False
launch,7.84,103.1,103,18.5,3,7121,0.0,False
launch,7.85,103.2,103,18.4,3,7134,0.0,False
launch,7.85,103.2,103,18.3,3,7134,0.0,False
launch,7.86,103.2,103,18.3,3,7134,0.0,False
launch,7.87,103.4,103,18.2,3,7146,0.0,False
launch,7.87,103.4,103,18.1,3,7146,0.0,False
launch,7.88,103.4,103,18.1,3,7146,0.0,False
launch,7.89,103.6,104,18.0,3,7158,0.0,False
launch,7.90,103.6,104,17.9,3,7158,0.0,False
launch,7.90,103.8,104,17.8,3,7171,0.0,False
launch,7.91,103.8,104,17.7,3,7171,0.0,False
launch,7.92,103.9,104,17.7,3,7183,0.0,False
launch,7.92,103.9,104,17.6,3,7183,0.0,False
launch,7.93,103.9,104,17.5,3,7183,0.0,False
launch,7.93,104.1,104,17.5,3,7195,0.0,False
launch,7.94,104.1,104,17.4,3,7195,0.0,False
launch,7.95,104.1,104,17.3,3,7195,0.0,False
launch,7.95,104.3,104,17.3,3,7207,0.0,False
launch,7.96,104.3,104,17.2,3,7207,0.0,False
launch,7.96,104.5,104,17.1,3,7220,0.0,False
launch,7.97,104.5,104,17.0,3,7220,0.0,False
launch,7.98,104.5,104,17.0,3,7220,0.0,False
launch,7.99,104.7,105,16.9,3,7232,0.0,False
launch,7.99,104.7,105,16.8,3,7232,0.0,False
launch,8.00,104.8,105,16.7,3,7244,0.0,False
launch,8.01,104.8,105,16.7,3,7244,0.0,False
launch,8.01,104.8,105,16.6,3,7244,0.0,False
launch,8.02,105.0,105,16.5,3,7256,0.0,False
launch,8.02,105.0,105,16.5,3,7256,0.0,False
launch,8.03,105.0,105,16.4,3,7256,0.0,False
launch,8.04,105.2,105,16.3,3,7268,0.0,False
launch,8.04,105.2,105,16.2,3,7268,0.0,False
launch,8.05,105.4,105,16.2,3,7281,0.0,False
launch,8.06,105.4,105,16.1,3,7281,0.0,False
launch,8.07,105.5,106,16.0,3,7293,0.0,False
launch,8.07,105.5,106,15.9,3,7293,0.0,False
launch,8.08,105.5,106,15.9,3,7293,0.0,False
launch,8.09,105.7,106,15.8,3,7305,0.0,False
launch,8.09,105.7,106,15.7,3,7305,0.0,False
launch,8.10,105.9,106,15.7,3,7317,0.0,False
launch,8.10,105.9,106,15.6,3,7317,0.0,False
launch,8.11,105.9,106,15.5,3,7317,0.0,False
launch,8.12,106.1,106,15.4,3,7329,0.0,False
launch,8.13,106.1,106,15.3,3,7329,0.0,False
launch,8.13,106.2,106,15.3,3,7341,0.0,False
launch,8.14,106.2,106,15.2,3,7341,0.0,False
launch,8.14,106.2,106,15.1,3,7341,0.0,False
launch,8.15,106.4,106,15.1,3,7353,0.0,False
launch,8.16,106.4,106,15.0,3,7353,0.0,False
launch,8.16,106.4,106,14.9,3,7353,0.0,False
launch,8.17,106.6,107,14.8,3,7365,0.0,False
launch,8.18,106.6,107,14.8,3,7365,0.0,False
launch,8.19,106.7,107,14.7,3,7377,0.0,False
launch,8.19,106.7,107,14.6,3,7377,0.0,False
launch,8.20,106.9,107,14.6,3,7389,0.0,False
launch,8.21,106.9,107,14.5,3,7389,0.0,False
launch,8.21,106.9,107,14.4,3,7389,0.0,False
launch,8.22,107.1,107,14.3,3,7400,0.0,False
launch,8.22,107.1,107,14.3,3,7400,0.0,False
launch,8.23,107.3,107,14.2,3,7412,0.0,False
launch,8.24,107.3,107,14.1,3,7412,0.0,False
launch,8.24,107.3,107,14.1,3,7412,0.0,False
launch,8.25,107.2,107,14.0,4,5319,0.0,False
launch,8.26,107.2,107,14.0,4,5319,0.0,False
launch,8.26,107.2,107,13.9,4,5319,0.0,False
launch,8.27,107.2,107,13.9,4,5317,0.0,False
launch,8.28,107.2,107,13.8,4,5317,0.0,False
launch,8.28,107.1,107,13.8,4,5315,0.0,False
launch,8.29,107.1,107,13.8,4,5315,0.0,False
launch,8.30,107.1,107,13.7,4,5315,0.0,False
launch,8.30,107.1,107,13.7,4,5313,0.0,False
launch,8.31,107.1,107,13.7,4,5313,0.0,False
launch,8.31,107.1,107,13.7,4,5311,0.0,False
launch,8.32,107.1,107,13.7,4,5311,0.0,False
launch,8.33,107.1,107,13.6,4,5311,0.0,False
launch,8.34,107.0,107,13.6,4,5310,0.0,False
launch,8.34,107.0,107,13.6,4,5310,0.0,False
launch,8.35,107.0,107,13.6,4,5308,0.0,False
launch,8.36,107.0,107,13.6,4,5308,0.0,False
launch,8.36,107.0,107,13.6,4,5308,0.0,False
launch,8.37,107.0,107,13.6,4,5306,0.0,False
launch,8.38,107.0,107,13.6,4,5306,0.0,False
launch,8.39,106.9,107,13.6,4,5304,0.0,False
launch,8.39,106.9,107,13.6,4,5304,0.0,False
launch,8.40,107.1,107,13.6,4,5307,0.0,False
launch,8.41,107.1,107,13.6,4,5307,0.0,False
launch,8.42,107.2,107,13.6,4,5313,0.0,False
launch,8.42,107.2,107,13.5,4,5313,0.0,False
launch,8.43,107.3,107,13.5,4,5320,0.0,False
launch,8.44,107.3,107,13.5,4,5320,0.0,False
launch,8.45,107.3,107,13.5,4,5320,0.0,False
launch,8.45,107.5,107,13.4,4,5327,0.0,False
launch,8.46,107.5,107,13.4,4,5327,0.0,False
launch,8.47,107.6,108,13.3,4,5333,0.0,False
launch,8.48,107.6,108,13.3,4,5333,0.0,False
launch,8.49,107.7,108,13.2,4,5340,0.0,False
launch,8.50,107.7,108,13.2,4,5340,0.0,False
launch,8.50,107.9,108,13.2,4,5346,0.0,False
launch,8.51,107.9,108,13.1,4,5346,0.0,False
launch,8.52,108.0,108,13.0,4,5353,0.0,False
launch,8.53,108.0,108,13.0,4,5353,0.0,False
launch,8.54,108.1,108,12.9,4,5359,0.0,False
launch,8.54,108.1,108,12.9,4,5359,0.0,False
launch,8.55,108.3,108,12.8,4,5366,0.0,False
launch,8.56,108.3,108,12.8,4,5366,0.0,False
launch,8.57,108.4,108,12.7,4,5372,0.0,False
launch,8.58,108.4,108,12.7,4,5372,0.0,False
launch,8.59,108.5,109,12.6,4,5379,0.0,False
launch,8.59,108.5,109,12.5,4,5379,0.0,False
launch,8.60,108.6,109,12.5,4,5385,0.0,False
launch,8.61,108.6,109,12.4,4,5385,0.0,False
launch,8.62,108.8,109,12.4,4,5391,0.0,False
launch,8.62,108.8,109,12.3,4,5391,0.0,False
launch,8.63,108.9,109,12.2,4,5398,0.0,False
launch,8.64,108.9,109,12.2,4,5398,0.0,False
launch,8.65,109.0,109,12.1,4,5404,0.0,False
launch,8.66,109.0,109,12.0,4,5404,0.0,False
launch,8.66,109.0,109,12.0,4,5404,0.0,False
launch,8.67,109.2,109,11.9,4,5411,0.0,False
launch,8.68,109.2,109,11.9,4,5411,0.0,False
launch,8.69,109.3,109,11.8,4,5417,0.0,False
launch,8.70,109.3,109,11.7,4,5417,0.0,False
launch,8.71,109.4,109,11.7,4,5423,0.0,False
launch,8.71,109.4,109,11.6,4,5423,0.0,False
launch,8.72,109.5,110,11.5,4,5430,0.0,False
launch,8.73,109.5,110,11.5,4,5430,0.0,False
launch,8.74,109.7,110,11.4,4,5436,0.0,False
launch,8.75,109.7,110,11.3,4,5436,0.0,False
launch,8.75,109.8,110,11.3,4,5442,0.0,False
launch,8.76,109.8,110,11.2,4,5442,0.0,False
launch,8.77,109.9,110,11.1,4,5449,0.0,False
launch,8.78,109.9,110,11.1,4,5449,0.0,False
launch,8.79,110.1,110,11.0,4,5455,0.0,False
launch,8.79,110.1,110,11.0,4,5455,0.0,False
launch,8.80,110.2,110,10.9,4,5461,0.0,False
launch,8.81,110.2,110,10.8,4,5461,0.0,False
launch,8.82,110.3,110,10.8,4,5468,0.0,False
launch,8.83,110.3,110,10.7,4,5468,0.0,False
launch,8.83,110.4,110,10.6,4,5474,0.0,False
launch,8.84,110.4,110,10.6,4,5474,0.0,False
launch,8.85,110.6,111,10.5,4,5480,0.0,False
launch,8.86,110.6,111,10.4,4,5480,0.0,False
launch,8.87,110.7,111,10.4,4,5487,0.0,False
launch,8.87,110.7,111,10.3,4,5487,0.0,False
launch,8.88,110.8,111,10.2,4,5493,0.0,False
launch,8.89,110.8,111,10.2,4,5493,0.0,False
launch,8.90,110.9,111,10.1,4,5499,0.0,False
launch,8.91,110.9,111,10.0,4,5499,0.0,False
launch,8.91,111.1,111,10.0,4,5506,0.0,False
launch,8.92,111.1,111,9.9,4,5506,0.0,False
launch,8.93,111.1,111,9.9,4,5506,0.0,False
launch,8.94,111.2,111,9.8,4,5512,0.0,False
launch,8.95,111.2,111,9.7,4,5512,0.0,False
launch,8.95,111.3,111,9.7,4,5518,0.0,False
launch,8.96,111.3,111,9.6,4,5518,0.0,False
launch,8.97,111.5,111,9.5,4,5525,0.0,False
launch,8.98,111.5,111,9.5,4,5525,0.0,False
launch,8.99,111.6,112,9.4,4,5531,0.0,False
launch,9.00,111.6,112,9.3,4,5531,0.0,False
reverse,0.00,0.0,0,125.0,1,900,0.0,False
reverse,0.01,0.0,0,125.0,1,900,0.0,False
reverse,0.02,0.0,0,125.0,1,900,0.0,False
reverse,0.03,0.0,0,125.0,1,900,0.0,False
reverse,0.04,0.0,0,125.0,1,900,0.0,False
reverse,0.05,0.0,0,125.0,1,900,0.0,False
reverse,0.06,0.0,0,125.0,1,900,0.0,False
reverse,0.06,0.0,0,125.0,1,900,0.0,False
reverse,0.07,0.0,0,125.0,1,900,0.0,False
reverse,0.08,0.0,0,125.0,1,900,0.0,False
reverse,0.09,0.0,0,125.0,1,900,0.0,False
reverse,0.09,0.0,0,125.0,1,900,0.0,False
reverse,0.10,0.0,0,125.0,1,900,0.0,False
reverse,0.11,0.0,0,125.0,1,900,0.0,False
reverse,0.12,0.0,0,125.0,1,900,0.0,False
reverse,0.12,0.0,0,125.0,1,900,0.0,False
reverse,0.13,0.0,0,125.0,1,900,0.0,False
reverse,0.14,0.0,0,125.0,1,900,0.0,False
reverse,0.14,0.0,0,125.0,1,900,0.0,False
reverse,0.15,0.0,0,125.0,1,900,0.0,False
reverse,0.16,0.0,0,125.0,1,900,0.0,False
reverse,0.17,0.0,0,125.0,1,900,0.0,False
reverse,0.17,0.0,0,125.0,1,900,0.0,False
reverse,0.18,0.0,0,125.0,1,900,0.0,False
reverse,0.18,0.0,0,125.0,1,900,0.0,False
reverse,0.19,0.0,0,125.0,1,900,0.0,False
reverse,0.20,0.0,0,125.0,1,900,0.0,False
reverse,0.20,0.0,0,125.0,1,900,0.0,False
reverse,0.21,0.0,0,125.0,1,900,0.0,False
reverse,0.22,0.0,0,125.0,1,900,0.0,False
reverse,0.22,0.0,0,125.0,1,900,0.0,False
reverse,0.23,0.0,0,125.0,1,900,0.0,False
reverse,0.23,0.0,0,125.0,1,900,0.0,False
reverse,0.24,0.0,0,125.0,1,900,0.0,False
reverse,0.25,0.0,0,125.0,1,900,0.0,False
reverse,0.25,0.0,0,125.0,1,900,0.0,False
reverse,0.26,0.0,0,125.0,1,900,0.0,False
reverse,0.27,0.0,0,125.0,1,900,0.0,False
reverse,0.27,0.0,0,125.0,1,900,0.0,False
reverse,0.28,0.0,0,125.0,1,900,0.0,False
reverse,0.29,0.0,0,125.0,1,900,0.0,False
reverse,0.29,0.0,0,125.0,1,900,0.0,False
reverse,0.30,0.0,0,125.0,1,900,0.0,False
reverse,0.31,0.0,0,125.0,1,900,0.0,False
reverse,0.31,0.0,0,125.0,1,900,0.0,False
reverse,0.32,0.0,0,125.0,1,900,0.0,False
reverse,0.33,0.0,0,125.0,1,900,0.0,False
reverse,0.33,0.0,0,125.0,1,900,0.0,False
reverse,0.34,0.0,0,125.0,1,900,0.0,False
reverse,0.34,0.0,0,125.0,1,900,0.0,False
reverse,0.35,0.3,0,125.0,-1,3588,0.0,False
reverse,0.36,0.3,0,125.0,-1,3588,0.0,False
reverse,0.36,0.3,0,124.9,-1,3588,0.0,False
reverse,0.37,0.6,1,124.9,-1,3588,0.0,False
reverse,0.38,0.6,1,124.9,-1,3588,0.0,False
reverse,0.38,0.9,1,124.8,-1,3588,0.0,False
reverse,0.39,0.9,1,124.8,-1,3588,0.0,False
reverse,0.39,0.9,1,124.7,-1,3588,0.0,False
reverse,0.40,1.1,1,124.7,-1,3588,0.0,False
reverse,0.41,1.1,1,124.6,-1,3588,0.0,False
reverse,0.41,1.1,1,124.5,-1,3588,0.0,False
reverse,0.42,1.4,1,124.5,-1,3588,0.0,False
reverse,0.42,1.4,1,124.4,-1,3588,0.0,False
reverse,0.43,1.6,2,124.3,-1,3588,0.0,False
reverse,0.44,1.6,2,124.2,-1,3588,0.0,False
reverse,0.44,1.6,2,124.2,-1,3588,0.0,False
reverse,0.45,1.9,2,124.1,-1,3588,0.0,False
reverse,0.46,1.9,2,124.0,-1,3588,0.0,False
reverse,0.47,2.1,2,123.9,-1,3588,0.0,False
reverse,0.47,2.1,2,123.8,-1,3588,0.0,False
reverse,0.48,2.1,2,123.7,-1,3588,0.0,False
reverse,0.49,2.4,2,123.6,-1,3588,0.0,False
reverse,0.49,2.4,2,123.5,-1,3588,0.0,False
reverse,0.50,2.6,3,123.5,-1,3588,0.0,False
reverse,0.51,2.6,3,123.3,-1,3588,0.0,False
reverse,0.51,2.6,3,123.3,-1,3588,0.0,False
reverse,0.52,2.8,3,123.2,-1,3588,0.0,False
reverse,0.53,2.8,3,123.1,-1,3588,0.0,False
reverse,0.53,3.0,3,123.0,-1,3588,0.0,False
reverse,0.54,3.0,3,122.9,-1,3588,0.0,False
reverse,0.55,3.2,3,122.8,-1,3588,0.0,False
reverse,0.55,3.2,3,122.7,-1,3588,0.0,False
reverse,0.56,3.2,3,122.6,-1,3588,0.0,False
reverse,0.57,3.4,3,122.5,-1,3588,0.0,False
reverse,0.57,3.4,3,122.5,-1,3588,0.0,False
reverse,0.58,3.4,3,122.4,-1,3588,0.0,False
reverse,0.59,3.6,4,122.3,-1,3588,0.0,False
reverse,0.59,3.6,4,122.2,-1,3588,0.0,False
reverse,0.60,3.8,4,122.1,-1,3588,0.0,False
reverse,0.61,3.8,4,122.0,-1,3588,0.0,False
reverse,0.61,3.8,4,121.9,-1,3588,0.0,False
reverse,0.62,4.0,4,121.8,-1,3588,0.0,False
reverse,0.63,4.0,4,121.7,-1,3588,0.0,False
reverse,0.63,4.2,4,121.7,-1,3588,0.0,False
reverse,0.64,4.2,4,121.6,-1,3588,0.0,False
reverse,0.65,4.2,4,121.5,-1,3588,0.0,False
reverse,0.65,4.4,4,121.4,-1,3588,0.0,False
reverse,0.66,4.4,4,121.3,-1,3588,0.0,False
reverse,0.67,4.6,5,121.3,-1,3588,0.0,False
reverse,0.67,4.6,5,121.2,-1,3588,0.0,False
reverse,0.68,4.6,5,121.1,-1,3588,0.0,False
reverse,0.69,4.9,5,121.0,-1,3588,0.0,False
reverse,0.69,4.9,5,120.9,-1,3588,0.0,False
reverse,0.70,5.1,5,120.8,-1,3588,0.0,False
reverse,0.70,5.1,5,120.8,-1,3588,0.0,False
reverse,0.71,5.1,5,120.7,-1,3588,0.0,False
reverse,0.72,5.3,5,120.6,-1,3588,0.0,False
reverse,0.72,5.3,5,120.5,-1,3588,0.0,False
reverse,0.73,5.3,5,120.4,-1,3588,0.0,False
reverse,0.74,5.5,5,120.4,-1,3588,0.0,False
reverse,0.74,5.5,5,120.3,-1,3588,0.0,False
reverse,0.75,5.7,6,120.2,-1,3588,0.0,False
reverse,0.76,5.7,6,120.1,-1,3588,0.0,False
reverse,0.76,5.7,6,120.0,-1,3588,0.0,False
reverse,0.77,5.9,6,119.9,-1,3588,0.0,False
reverse,0.78,5.9,6,119.8,-1,3588,0.0,False
reverse,0.78,6.1,6,119.7,-1,3588,0.0,False
reverse,0.79,6.1,6,119.6,-1,3588,0.0,False
reverse,0.80,6.1,6,119.6,-1,3588,0.0,False
reverse,0.80,6.4,6,119.5,-1,3588,0.0,False
reverse,0.81,6.4,6,119.4,-1,3588,0.0,False
reverse,0.82,6.6,7,119.3,-1,3588,0.0,False
reverse,0.82,6.6,7,119.2,-1,3588,0.0,False
reverse,0.83,6.6,7,119.1,-1,3588,0.0,False
reverse,0.84,6.8,7,119.0,-1,3588,0.0,False
reverse,0.84,6.8,7,118.9,-1,3588,0.0,False
reverse,0.85,7.0,7,118.8,-1,3588,0.0,False
reverse,0.86,7.0,7,118.7,-1,3588,0.0,False
reverse,0.86,7.0,7,118.6,-1,3588,0.0,False
reverse,0.87,7.3,7,118.6,-1,3588,0.0,False
reverse,0.87,7.3,7,118.5,-1,3588,0.0,False
reverse,0.88,7.5,7,118.4,-1,3588,0.0,False
reverse,0.89,7.5,7,118.3,-1,3588,0.0,False
reverse,0.90,7.5,7,118.2,-1,3588,0.0,False
reverse,0.90,7.7,8,118.1,-1,3588,0.0,False
reverse,0.91,7.7,8,118.0,-1,3588,0.0,False
reverse,0.92,7.9,8,117.9,-1,3588,0.0,False
reverse,0.92,7.9,8,117.8,-1,3588,0.0,False
reverse,0.93,7.9,8,117.7,-1,3588,0.0,False
reverse,0.94,8.2,8,117.6,-1,3588,0.0,False
reverse,0.94,8.2,8,117.5,-1,3588,0.0,False
reverse,0.95,8.4,8,117.4,-1,3588,0.0,False
reverse,0.96,8.4,8,117.3,-1,3588,0.0,False
reverse,0.97,8.6,9,117.2,-1,3588,0.0,False
reverse,0.97,8.6,9,117.1,-1,3588,0.0,False
reverse,0.98,8.6,9,117.0,-1,3588,0.0,False
reverse,0.99,8.9,9,116.9,-1,3588,0.0,False
reverse,0.99,8.9,9,116.8,-1,3588,0.0,False
reverse,1.00,9.1,9,116.8,-1,3588,0.0,False
reverse,1.01,9.1,9,116.6,-1,3588,0.0,False
reverse,1.01,9.1,9,116.6,-1,3588,0.0,False
reverse,1.02,9.3,9,116.5,-1,3588,0.0,False
reverse,1.02,9.3,9,116.4,-1,3588,0.0,False
reverse,1.03,9.5,10,116.3,-1,3588,0.0,False
reverse,1.04,9.5,10,116.2,-1,3588,0.0,False
reverse,1.05,9.5,10,116.1,-1,3588,0.0,False
reverse,1.05,9.7,10,116.0,-1,3588,0.0,False
reverse,1.06,9.7,10,115.9,-1,3588,0.0,False
reverse,1.07,10.0,10,115.8,-1,3588,0.0,False
reverse,1.07,10.0,10,115.7,-1,3588,0.0,False
reverse,1.08,10.2,10,115.5,-1,3588,0.0,False
reverse,1.09,10.2,10,115.5,-1,3588,0.0,False
reverse,1.10,10.2,10,115.4,-1,3588,0.0,False
reverse,1.10,10.4,10,115.3,-1,3588,0.0,False
reverse,1.11,10.4,10,115.2,-1,3588,0.0,False
reverse,1.12,10.6,11,115.1,-1,3588,0.0,False
reverse,1.12,10.6,11,115.0,-1,3588,0.0,False
reverse,1.13,10.8,11,114.9,-1,3588,0.0,False
reverse,1.14,10.8,11,114.8,-1,3588,0.0,False
reverse,1.14,10.8,11,114.7,-1,3588,0.0,False
reverse,1.15,11.1,11,114.6,-1,3588,0.0,False
reverse,1.16,11.1,11,114.5,-1,3588,0.0,False
reverse,1.16,11.1,11,114.5,-1,3588,0.0,False
reverse,1.17,11.3,11,114.4,-1,3588,0.0,False
reverse,1.17,11.3,11,114.3,-1,3588,0.0,False
reverse,1.18,11.5,12,114.2,-1,3588,0.0,False
reverse,1.19,11.5,12,114.1,-1,3588,0.0,False
reverse,1.19,11.5,12,114.0,-1,3588,0.0,False
reverse,1.20,11.7,12,113.9,-1,3588,0.0,False
reverse,1.21,11.7,12,113.8,-1,3588,0.0,False
reverse,1.21,11.9,12,113.7,-1,3588,0.0,False
reverse,1.22,11.9,12,113.6,-1,3588,0.0,False
reverse,1.23,11.9,12,113.5,-1,3588,0.0,False
reverse,1.24,12.2,12,113.4,-1,3588,0.0,False
reverse,1.24,12.2,12,113.4,-1,3588,0.0,False
reverse,1.25,12.4,12,113.3,-1,3588,0.0,False
reverse,1.25,12.4,12,113.2,-1,3588,0.0,False
reverse,1.26,12.4,12,113.1,-1,3588,0.0,False
reverse,1.27,12.6,13,113.0,-1,3588,0.0,False
reverse,1.27,12.6,13,112.9,-1,3588,0.0,False
reverse,1.28,12.8,13,112.8,-1,3588,0.0,False
reverse,1.29,12.8,13,112.7,-1,3588,0.0,False
reverse,1.29,12.8,13,112.7,-1,3588,0.0,False
reverse,1.30,13.0,13,112.6,-1,3588,0.0,False
reverse,1.31,13.0,13,112.5,-1,3588,0.0,False
reverse,1.31,13.0,13,112.4,-1,3588,0.0,False
reverse,1.32,13.3,13,112.3,-1,3588,0.0,False
reverse,1.33,13.3,13,112.2,-1,3588,0.0,False
reverse,1.33,13.5,13,112.1,-1,3588,0.0,False
reverse,1.34,13.5,13,112.0,-1,3588,0.0,False
reverse,1.35,13.7,14,111.9,-1,3588,0.0,False
reverse,1.36,13.7,14,111.8,-1,3588,0.0,False
reverse,1.37,13.7,14,111.7,-1,3588,0.0,False
reverse,1.37,13.9,14,111.6,-1,3588,0.0,False
reverse,1.38,13.9,14,111.5,-1,3588,0.0,False
reverse,1.39,14.1,14,111.4,-1,3588,0.0,False
reverse,1.39,14.1,14,111.3,-1,3588,0.0,False
reverse,1.40,14.4,14,111.2,-1,3588,0.0,False
reverse,1.41,14.4,14,111.1,-1,3588,0.0,False
reverse,1.41,14.4,14,111.0,-1,3588,0.0,False
reverse,1.42,14.6,15,110.9,-1,3588,0.0,False
reverse,1.43,14.6,15,110.8,-1,3588,0.0,False
reverse,1.43,14.8,15,110.7,-1,3588,0.0,False
reverse,1.44,14.8,15,110.6,-1,3588,0.0,False
reverse,1.45,15.0,15,110.5,-1,3588,0.0,False
reverse,1.46,15.0,15,110.4,-1,3588,0.0,False
reverse,1.46,15.0,15,110.3,-1,3588,0.0,False
reverse,1.47,15.3,15,110.2,-1,3588,0.0,False
reverse,1.48,15.3,15,110.1,-1,3588,0.0,False
reverse,1.48,15.5,15,110.0,-1,3588,0.0,False
reverse,1.49,15.5,15,109.9,-1,3588,0.0,False
reverse,1.50,15.7,16,109.8,-1,3588,0.0,False
reverse,1.51,15.7,16,109.7,-1,3588,0.0,False
reverse,1.52,15.7,16,109.6,-1,3588,0.0,False
reverse,1.52,15.9,16,109.5,-1,3588,0.0,False
reverse,1.53,15.9,16,109.4,-1,3588,0.0,False
reverse,1.53,16.1,16,109.3,-1,3588,0.0,False
reverse,1.54,16.1,16,109.2,-1,3588,0.0,False
reverse,1.55,16.4,16,109.2,-1,3588,0.0,False
reverse,1.55,16.4,16,109.1,-1,3588,0.0,False
reverse,1.56,16.4,16,109.0,-1,3588,0.0,False
reverse,1.57,16.6,17,108.9,-1,3588,0.0,False
reverse,1.57,16.6,17,108.8,-1,3588,0.0,False
reverse,1.58,16.8,17,108.7,-1,3588,0.0,False
reverse,1.59,16.8,17,108.6,-1,3588,0.0,False
reverse,1.60,16.8,17,108.5,-1,3588,0.0,False
reverse,1.60,17.0,17,108.4,-1,3588,0.0,False
reverse,1.61,17.0,17,108.3,-1,3588,0.0,False
reverse,1.62,17.2,17,108.2,-1,3588,0.0,False
reverse,1.62,17.2,17,108.1,-1,3588,0.0,False
reverse,1.63,17.2,17,108.0,-1,3588,0.0,False
reverse,1.63,17.5,17,108.0,-1,3588,0.0,False
reverse,1.64,17.5,17,107.9,-1,3588,0.0,False
reverse,1.65,17.5,17,107.8,-1,3588,0.0,False
reverse,1.66,17.7,18,107.7,-1,3588,0.0,False
reverse,1.66,17.9,18,107.5,-1,3588,0.0,False
reverse,1.67,17.9,18,107.5,-1,3588,0.0,False
reverse,1.68,17.9,18,107.4,-1,3588,0.0,False
reverse,1.68,18.1,18,107.3,-1,3588,0.0,False
reverse,1.69,18.1,18,107.2,-1,3588,0.0,False
reverse,1.70,18.1,18,107.1,-1,3588,0.0,False
reverse,1.70,18.3,18,107.0,-1,3588,0.0,False
reverse,1.71,18.3,18,106.9,-1,3588,0.0,False
reverse,1.72,18.6,19,106.8,-1,3588,0.0,False
reverse,1.72,18.6,19,106.7,-1,3588,0.0,False
reverse,1.73,18.8,19,106.6,-1,3588,0.0,False
reverse,1.74,18.8,19,106.5,-1,3588,0.0,False
reverse,1.74,18.8,19,106.4,-1,3588,0.0,False
reverse,1.75,19.0,19,106.4,-1,3588,0.0,False
reverse,1.76,19.0,19,106.3,-1,3588,0.0,False
reverse,1.76,19.0,19,106.2,-1,3588,0.0,False
reverse,1.77,19.2,19,106.1,-1,3588,0.0,False
reverse,1.78,19.2,19,106.0,-1,3588,0.0,False
reverse,1.78,19.5,19,105.9,-1,3588,0.0,False
reverse,1.79,19.5,19,105.8,-1,3588,0.0,False
reverse,1.79,19.5,19,105.7,-1,3588,0.0,False
reverse,1.80,19.7,20,105.6,-1,3588,0.0,False
reverse,1.81,19.7,20,105.5,-1,3588,0.0,False
reverse,1.82,19.9,20,105.4,-1,3588,0.0,False
reverse,1.82,19.9,20,105.4,-1,3588,0.0,False
reverse,1.83,19.9,20,105.3,-1,3588,0.0,False
reverse,1.83,20.1,20,105.2,-1,3588,0.0,False
reverse,1.84,20.1,20,105.1,-1,3588,0.0,False
reverse,1.85,20.3,20,105.0,-1,3588,0.0,False
reverse,1.85,20.3,20,104.9,-1,3588,0.0,False
reverse,1.86,20.3,20,104.8,-1,3588,0.0,False
reverse,1.87,20.6,21,104.7,-1,3588,0.0,False
reverse,1.87,20.6,21,104.7,-1,3588,0.0,False
reverse,1.88,20.8,21,104.6,-1,3588,0.0,False
reverse,1.89,20.8,21,104.4,-1,3588,0.0,False
reverse,1.89,20.8,21,104.4,-1,3588,0.0,False
reverse,1.90,21.0,21,104.3,-1,3588,0.0,False
reverse,1.91,21.0,21,104.2,-1,3588,0.0,False
reverse,1.92,21.2,21,104.1,-1,3588,0.0,False
reverse,1.92,21.2,21,104.0,-1,3588,0.0,False
reverse,1.93,21.2,21,103.9,-1,3588,0.0,False
reverse,1.94,21.3,21,103.8,-1,3588,0.0,False
reverse,1.94,21.3,21,103.7,-1,3588,0.0,False
reverse,1.95,21.4,21,103.6,-1,3588,0.0,False
reverse,1.96,21.4,21,103.6,-1,3588,0.0,False
reverse,1.96,21.4,21,103.5,-1,3588,0.0,False
reverse,1.97,21.4,21,103.4,-1,3588,0.0,False
reverse,1.98,21.4,21,103.4,-1,3588,0.0,False
reverse,1.98,21.5,21,103.3,-1,3588,0.0,False
reverse,1.99,21.5,21,103.3,-1,3588,0.0,False
reverse,2.00,21.5,21,103.2,-1,3588,0.0,False
reverse,2.00,21.5,22,103.2,-1,3588,0.0,False
reverse,2.01,21.5,22,103.1,-1,3588,0.0,False
reverse,2.02,21.6,22,103.1,-1,3588,0.0,False
reverse,2.03,21.6,22,103.0,-1,3588,0.0,False
reverse,2.03,21.7,22,103.0,-1,3588,0.0,False
reverse,2.04,21.7,22,102.9,-1,3588,0.0,False
reverse,2.05,21.7,22,102.9,-1,3588,0.0,False
reverse,2.05,21.8,22,102.8,-1,3588,0.0,False
reverse,2.06,21.8,22,102.8,-1,3588,0.0,False
reverse,2.07,21.9,22,102.7,-1,3588,0.0,False
reverse,2.07,21.9,22,102.7,-1,3588,0.0,False
reverse,2.08,21.9,22,102.7,-1,3588,0.0,False
reverse,2.08,22.0,22,102.6,-1,3588,0.0,False
reverse,2.09,22.0,22,102.6,-1,3588,0.0,False
reverse,2.10,22.1,22,102.5,-1,3588,0.0,False
reverse,2.11,22.1,22,102.5,-1,3588,0.0,False
reverse,2.11,22.1,22,102.4,-1,3588,0.0,False
reverse,2.12,22.3,22,102.4,-1,3588,0.0,False
reverse,2.12,22.3,22,102.3,-1,3588,0.0,False
reverse,2.13,22.4,22,102.3,-1,3588,0.0,False
reverse,2.14,22.4,22,102.3,-1,3588,0.0,False
reverse,2.14,22.4,22,102.2,-1,3588,0.0,False
reverse,2.15,22.5,23,102.1,-1,3588,0.0,False
reverse,2.16,22.5,23,102.1,-1,3588,0.0,False
reverse,2.16,22.7,23,102.1,-1,3588,0.0,False
reverse,2.17,22.7,23,102.0,-1,3588,0.0,False
reverse,2.18,22.7,23,102.0,-1,3588,0.0,False
reverse,2.18,22.8,23,101.9,-1,3588,0.0,False
reverse,2.19,22.8,23,101.9,-1,3588,0.0,False
reverse,2.20,22.8,23,101.8,-1,3588,0.0,False
reverse,2.20,22.9,23,101.8,-1,3588,0.0,False
reverse,2.21,22.9,23,101.7,-1,3588,0.0,False
reverse,2.21,22.9,23,101.7,-1,3588,0.0,False
reverse,2.22,23.1,23,101.6,-1,3588,0.0,False
reverse,2.23,23.1,23,101.6,-1,3588,0.0,False
reverse,2.23,23.2,23,101.5,-1,3588,0.0,False
reverse,2.24,23.2,23,101.5,-1,3588,0.0,False
reverse,2.25,23.2,23,101.4,-1,3588,0.0,False
reverse,2.25,23.3,23,101.4,-1,3588,0.0,False
reverse,2.26,23.3,23,101.3,-1,3588,0.0,False
reverse,2.27,23.4,23,101.3,-1,3588,0.0,False
reverse,2.27,23.4,23,101.2,-1,3588,0.0,False
reverse,2.28,23.4,23,101.2,-1,3588,0.0,False
reverse,2.29,23.6,24,101.1,-1,3588,0.0,False
reverse,2.29,23.6,24,101.0,-1,3588,0.0,False
reverse,2.30,23.7,24,101.0,-1,3588,0.0,False
reverse,2.31,23.7,24,100.9,-1,3588,0.0,False
reverse,2.31,23.7,24,100.9,-1,3588,0.0,False
reverse,2.32,23.8,24,100.8,-1,3588,0.0,False
reverse,2.32,23.8,24,100.8,-1,3588,0.0,False
reverse,2.33,23.9,24,100.7,-1,3588,0.0,False
reverse,2.34,23.9,24,100.7,-1,3588,0.0,False
reverse,2.34,23.9,24,100.7,-1,3588,0.0,False
reverse,2.35,24.0,24,100.6,-1,3588,0.0,False
reverse,2.35,24.0,24,100.6,-1,3588,0.0,False
reverse,2.36,24.0,24,100.5,-1,3588,0.0,False
reverse,2.37,24.1,24,100.5,-1,3588,0.0,False
reverse,2.38,24.1,24,100.4,-1,3588,0.0,False
reverse,2.38,24.2,24,100.4,-1,3588,0.0,False
reverse,2.39,24.2,24,100.3,-1,3588,0.0,False
reverse,2.40,24.2,24,100.3,-1,3588,0.0,False
reverse,2.40,24.2,24,100.3,-1,3588,0.0,False
reverse,2.41,24.2,24,100.2,-1,3588,0.0,False
reverse,2.41,24.3,24,100.2,-1,3588,0.0,False
reverse,2.42,24.3,24,100.1,-1,3588,0.0,False
reverse,2.43,24.3,24,100.1,-1,3588,0.0,False
reverse,2.43,24.4,24,100.1,-1,3588,0.0,False
reverse,2.44,24.4,24,100.0,-1,3588,0.0,False
reverse,2.45,24.4,24,100.0,-1,3588,0.0,False
reverse,2.45,24.4,24,100.0,-1,3588,0.0,False
reverse,2.46,24.4,24,99.9,-1,3588,0.0,False
reverse,2.46,24.5,24,99.9,-1,3588,0.0,False
reverse,2.47,24.5,24,99.9,-1,3588,0.0,False
reverse,2.48,24.5,24,99.9,-1,3588,0.0,False
reverse,2.49,24.5,25,99.8,-1,3588,0.0,False
reverse,2.49,24.5,25,99.8,-1,3588,0.0,False
reverse,2.50,24.6,25,99.8,-1,3588,0.0,False
reverse,2.51,24.6,25,99.7,-1,3588,0.0,False
reverse,2.51,24.6,25,99.7,-1,3588,0.0,False
reverse,2.52,24.6,25,99.7,-1,3588,0.0,False
reverse,2.53,24.6,25,99.7,-1,3588,0.0,False
reverse,2.53,24.7,25,99.6,-1,3588,0.0,False
reverse,2.54,24.7,25,99.6,-1,3588,0.0,False
reverse,2.55,24.7,25,99.6,-1,3588,0.0,False
reverse,2.55,24.7,25,99.6,-1,3588,0.0,False
reverse,2.56,24.7,25,99.5,-1,3588,0.0,False
reverse,2.57,24.7,25,99.5,-1,3588,0.0,False
reverse,2.57,24.7,25,99.5,-1,3588,0.0,False
reverse,2.58,24.7,25,99.5,-1,3588,0.0,False
reverse,2.58,24.8,25,99.4,-1,3588,0.0,False
reverse,2.59,24.8,25,99.4,-1,3588,0.0,False
reverse,2.60,24.8,25,99.4,-1,3588,0.0,False
reverse,2.60,24.8,25,99.4,-1,3588,0.0,False
reverse,2.61,24.8,25,99.4,-1,3588,0.0,False
reverse,2.62,24.9,25,99.3,-1,3588,0.0,False
reverse,2.62,24.9,25,99.3,-1,3588,0.0,False
reverse,2.63,24.9,25,99.3,-1,3588,0.0,False
reverse,2.63,24.9,25,99.3,-1,3588,0.0,False
reverse,2.64,24.9,25,99.3,-1,3588,0.0,False
reverse,2.65,25.0,25,99.2,-1,3588,0.0,False
reverse,2.65,25.0,25,99.2,-1,3588,0.0,False
reverse,2.66,25.0,25,99.2,-1,3588,0.0,False
reverse,2.66,25.1,25,99.2,-1,3588,0.0,False
reverse,2.67,25.1,25,99.2,-1,3588,0.0,False
reverse,2.68,25.1,25,99.1,-1,3588,0.0,False
reverse,2.68,25.1,25,99.1,-1,3588,0.0,False
reverse,2.69,25.1,25,99.1,-1,3588,0.0,False
reverse,2.69,25.1,25,99.1,-1,3588,0.0,False
reverse,2.70,25.2,25,99.1,-1,3588,0.0,False
reverse,2.71,25.2,25,99.0,-1,3588,0.0,False
reverse,2.71,25.3,25,99.0,-1,3588,0.0,False
reverse,2.72,25.3,25,99.0,-1,3588,0.0,False
reverse,2.73,25.3,25,99.0,-1,3588,0.0,False
reverse,2.73,25.3,25,98.9,-1,3588,0.0,False
reverse,2.74,25.3,25,98.9,-1,3588,0.0,False
reverse,2.75,25.3,25,98.9,-1,3588,0.0,False
reverse,2.75,25.4,25,98.9,-1,3588,0.0,False
reverse,2.76,25.4,25,98.8,-1,3588,0.0,False
reverse,2.76,25.5,25,98.8,-1,3594,0.0,False
reverse,2.77,25.5,25,98.8,-1,3594,0.0,False
reverse,2.78,25.5,25,98.8,-1,3594,0.0,False
reverse,2.79,25.6,26,98.7,-1,3606,0.0,False
reverse,2.79,25.6,26,98.7,-1,3606,0.0,False
reverse,2.80,25.7,26,98.7,-1,3617,0.0,False
reverse,2.80,25.7,26,98.6,-1,3617,0.0,False
reverse,2.81,25.7,26,98.6,-1,3617,0.0,False
reverse,2.82,25.7,26,98.6,-1,3629,0.0,False
reverse,2.82,25.7,26,98.5,-1,3629,0.0,False
reverse,2.83,25.8,26,98.5,-1,3640,0.0,False
reverse,2.84,25.8,26,98.5,-1,3640,0.0,False
reverse,2.84,25.8,26,98.5,-1,3640,0.0,False
reverse,2.85,25.9,26,98.4,-1,3652,0.0,False
reverse,2.86,25.9,26,98.4,-1,3652,0.0,False
reverse,2.86,25.9,26,98.4,-1,3652,0.0,False
reverse,2.87,26.0,26,98.3,-1,3663,0.0,False
reverse,2.87,26.0,26,98.3,-1,3663,0.0,False
reverse,2.88,26.0,26,98.3,-1,3663,0.0,False
reverse,2.89,26.1,26,98.2,-1,3674,0.0,False
reverse,2.89,26.1,26,98.2,-1,3674,0.0,False
reverse,2.90,26.1,26,98.2,-1,3686,0.0,False
reverse,2.91,26.1,26,98.2,-1,3686,0.0,False
reverse,2.91,26.1,26,98.1,-1,3686,0.0,False
reverse,2.92,26.2,26,98.1,-1,3697,0.0,False
reverse,2.93,26.2,26,98.1,-1,3697,0.0,False
reverse,2.93,26.3,26,98.0,-1,3708,0.0,False
reverse,2.94,26.3,26,98.0,-1,3708,0.0,False
reverse,2.95,26.3,26,98.0,-1,3708,0.0,False
reverse,2.95,26.4,26,97.9,-1,3718,0.0,False
reverse,2.96,26.4,26,97.9,-1,3718,0.0,False
reverse,2.97,26.4,26,97.9,-1,3729,-0.1,False
reverse,2.97,26.4,26,97.8,-1,3729,-0.1,False
reverse,2.98,26.4,26,97.8,-1,3729,-0.1,False
reverse,2.99,26.5,27,97.8,-1,3739,-0.1,False
reverse,2.99,26.5,27,97.7,-1,3739,-0.1,False
reverse,3.00,26.6,27,97.7,-1,3749,0.0,False
reverse,3.00,26.6,27,97.7,-1,3749,0.0,False
reverse,3.01,26.6,27,97.7,-1,3749,0.0,False
reverse,3.02,26.7,27,97.6,-1,3759,0.0,False
reverse,3.02,26.7,27,97.6,-1,3759,0.0,False
reverse,3.03,26.7,27,97.6,-1,3759,0.0,False
reverse,3.03,26.7,27,97.5,-1,3768,0.0,False
reverse,3.04,26.7,27,97.5,-1,3768,0.0,False
reverse,3.05,26.8,27,97.5,-1,3777,0.0,False
reverse,3.06,26.8,27,97.4,-1,3777,0.0,False
reverse,3.06,26.8,27,97.4,-1,3777,0.0,False
reverse,3.07,26.8,27,97.4,-1,3786,0.0,False
reverse,3.07,26.8,27,97.4,-1,3786,0.0,False
reverse,3.08,26.9,27,97.3,-1,3795,0.0,False
reverse,3.09,26.9,27,97.3,-1,3795,0.0,False
reverse,3.09,26.9,27,97.3,-1,3795,0.0,False
reverse,3.10,27.0,27,97.3,-1,3804,0.0,False
reverse,3.11,27.0,27,97.2,-1,3804,0.0,False
reverse,3.11,27.0,27,97.2,-1,3804,0.0,False
reverse,3.12,27.0,27,97.2,-1,3813,0.0,False
reverse,3.12,27.0,27,97.2,-1,3813,0.0,False
reverse,3.13,27.1,27,97.1,-1,3823,0.1,False
reverse,3.14,27.1,27,97.1,-1,3823,0.1,False
reverse,3.14,27.1,27,97.1,-1,3823,0.1,False
reverse,3.15,27.2,27,97.0,-1,3832,0.1,False
reverse,3.16,27.2,27,97.0,-1,3832,0.1,False
reverse,3.16,27.2,27,97.0,-1,3832,0.1,False
reverse,3.17,27.2,27,97.0,-1,3842,0.1,False
reverse,3.17,27.2,27,96.9,-1,3842,0.1,False
reverse,3.18,27.3,27,96.9,-1,3852,0.1,False
reverse,3.19,27.3,27,96.9,-1,3852,0.1,False
reverse,3.19,27.3,27,96.9,-1,3852,0.1,False
reverse,3.20,27.4,27,96.8,-1,3862,0.1,False
reverse,3.21,27.4,27,96.8,-1,3862,0.1,False
reverse,3.21,27.5,27,96.8,-1,3872,0.1,False
reverse,3.22,27.5,27,96.7,-1,3872,0.1,False
reverse,3.23,27.5,27,96.7,-1,3872,0.1,False
reverse,3.23,27.5,28,96.7,-1,3883,0.1,False
reverse,3.24,27.5,28,96.7,-1,3883,0.1,False
reverse,3.25,27.6,28,96.6,-1,3893,0.1,False
reverse,3.25,27.6,28,96.6,-1,3893,0.1,False
reverse,3.26,27.6,28,96.6,-1,3893,0.1,False
reverse,3.27,27.7,28,96.5,-1,3904,0.1,False
reverse,3.27,27.7,28,96.5,-1,3904,0.1,False
reverse,3.28,27.7,28,96.5,-1,3904,0.1,False
reverse,3.28,27.8,28,96.5,-1,3914,0.1,False
reverse,3.29,27.8,28,96.4,-1,3914,0.1,False
reverse,3.30,27.8,28,96.4,-1,3914,0.1,False
reverse,3.30,27.8,28,96.4,-1,3925,0.0,False
reverse,3.31,27.8,28,96.3,-1,3925,0.0,False
reverse,3.32,27.9,28,96.3,-1,3936,0.0,False
reverse,3.32,27.9,28,96.3,-1,3936,0.0,False
reverse,3.33,28.0,28,96.2,-1,3947,0.0,False
reverse,3.34,28.0,28,96.2,-1,3947,0.0,False
reverse,3.34,28.0,28,96.2,-1,3947,0.0,False
reverse,3.35,28.1,28,96.2,-1,3958,0.0,False
reverse,3.36,28.1,28,96.1,-1,3958,0.0,False
reverse,3.36,28.1,28,96.1,-1,3958,0.0,False
reverse,3.37,28.1,28,96.1,-1,3969,-0.1,False
reverse,3.37,28.1,28,96.0,-1,3969,-0.1,False
reverse,3.38,28.2,28,96.0,-1,3980,-0.1,False
reverse,3.39,28.2,28,96.0,-1,3980,-0.1,False
reverse,3.39,28.2,28,96.0,-1,3980,-0.1,False
reverse,3.40,28.3,28,95.9,-1,3991,-0.1,False
reverse,3.41,28.3,28,95.9,-1,3991,-0.1,False
reverse,3.41,28.3,28,95.9,-1,3991,-0.1,False
reverse,3.42,28.4,28,95.8,-1,4002,-0.1,False
reverse,3.42,28.4,28,95.8,-1,4002,-0.1,False
reverse,3.43,28.5,28,95.8,-1,4013,-0.1,False
reverse,3.44,28.5,28,95.7,-1,4013,-0.1,False
reverse,3.44,28.5,28,95.7,-1,4013,-0.1,False
reverse,3.45,28.5,29,95.7,-1,4023,-0.1,False
reverse,3.46,28.5,29,95.6,-1,4023,-0.1,False
reverse,3.47,28.6,29,95.6,-1,4034,0.0,False
reverse,3.47,28.6,29,95.6,-1,4034,0.0,False
reverse,3.48,28.6,29,95.5,-1,4034,0.0,False
reverse,3.48,28.7,29,95.5,-1,4044,0.0,False
reverse,3.49,28.7,29,95.5,-1,4044,0.0,False
reverse,3.50,28.7,29,95.5,-1,4054,0.0,False
reverse,3.50,28.7,29,95.4,-1,4054,0.0,False
reverse,3.51,28.7,29,95.4,-1,4054,0.0,False
reverse,3.52,28.8,29,95.4,-1,4064,0.0,False
reverse,3.52,28.8,29,95.3,-1,4064,0.0,False
reverse,3.53,28.8,29,95.3,-1,4064,0.0,False
reverse,3.53,28.9,29,95.3,-1,4073,0.0,False
reverse,3.54,28.9,29,95.3,-1,4073,0.0,False
reverse,3.55,29.0,29,95.2,-1,4083,0.1,False
reverse,3.55,29.0,29,95.2,-1,4083,0.1,False
reverse,3.56,29.0,29,95.2,-1,4083,0.1,False
reverse,3.57,29.0,29,95.1,-1,4093,0.1,False
reverse,3.57,29.0,29,95.1,-1,4093,0.1,False
reverse,3.58,29.0,29,95.1,-1,4093,0.1,False
reverse,3.59,29.1,29,95.1,-1,4103,0.1,False
reverse,3.59,29.1,29,95.0,-1,4103,0.1,False
reverse,3.60,29.2,29,95.0,-1,4113,0.1,False
reverse,3.61,29.2,29,95.0,-1,4113,0.1,False
reverse,3.62,29.2,29,94.9,-1,4123,0.1,False
reverse,3.62,29.2,29,94.9,-1,4123,0.1,False
reverse,3.63,29.3,29,94.9,-1,4133,0.1,False
reverse,3.64,29.3,29,94.8,-1,4133,0.1,False
reverse,3.64,29.3,29,94.8,-1,4133,0.1,False
reverse,3.65,29.4,29,94.8,-1,4143,0.1,False
reverse,3.66,29.4,29,94.7,-1,4143,0.1,False
reverse,3.66,29.4,29,94.7,-1,4153,0.1,False
reverse,3.67,29.4,29,94.7,-1,4153,0.1,False
reverse,3.68,29.4,29,94.7,-1,4153,0.1,False
reverse,3.68,29.5,30,94.6,-1,4163,0.1,False
reverse,3.69,29.5,30,94.6,-1,4163,0.1,False
reverse,3.70,29.5,30,94.6,-1,4163,0.1,False
reverse,3.70,29.6,30,94.5,-1,4173,0.1,False
reverse,3.71,29.6,30,94.5,-1,4173,0.1,False
reverse,3.72,29.7,30,94.5,-1,4183,0.1,False
reverse,3.72,29.7,30,94.4,-1,4183,0.1,False
reverse,3.73,29.7,30,94.4,-1,4183,0.1,False
reverse,3.74,29.7,30,94.4,-1,4193,0.0,False
reverse,3.74,29.7,30,94.4,-1,4193,0.0,False
reverse,3.75,29.8,30,94.3,-1,4203,0.0,False
reverse,3.76,29.8,30,94.3,-1,4203,0.0,False
reverse,3.77,29.9,30,94.3,-1,4213,0.0,False
reverse,3.77,29.9,30,94.2,-1,4213,0.0,False
reverse,3.78,29.9,30,94.2,-1,4224,0.0,False
reverse,3.79,29.9,30,94.2,-1,4224,0.0,False
reverse,3.79,29.9,30,94.1,-1,4224,0.0,False
reverse,3.80,30.0,30,94.1,-1,4235,0.0,False
reverse,3.81,30.0,30,94.1,-1,4235,0.0,False
reverse,3.81,30.0,30,94.0,-1,4235,0.0,False
reverse,3.82,30.1,30,94.0,-1,4246,0.0,False
reverse,3.83,30.1,30,94.0,-1,4246,0.0,False
reverse,3.83,30.2,30,94.0,-1,4257,0.0,False
reverse,3.84,30.2,30,93.9,-1,4257,0.0,False
reverse,3.84,30.2,30,93.9,-1,4257,0.0,False
reverse,3.85,30.3,30,93.9,-1,4268,0.0,False
reverse,3.86,30.3,30,93.8,-1,4268,0.0,False
reverse,3.86,30.3,30,93.8,-1,4279,0.0,False
reverse,3.87,30.3,30,93.8,-1,4279,0.0,False
reverse,3.88,30.3,30,93.7,-1,4279,0.0,False
reverse,3.89,30.4,30,93.7,-1,4290,0.1,False
reverse,3.89,30.4,30,93.7,-1,4290,0.1,False
reverse,3.90,30.5,31,93.6,-1,4302,0.1,False
reverse,3.91,30.5,31,93.6,-1,4302,0.1,False
reverse,3.92,30.6,31,93.5,-1,4313,0.1,False
reverse,3.92,30.6,31,93.5,-1,4313,0.1,False
reverse,3.93,30.7,31,93.5,-1,4325,0.1,False
reverse,3.94,30.7,31,93.5,-1,4325,0.1,False
reverse,3.94,30.7,31,93.4,-1,4325,0.1,False
reverse,3.95,30.7,31,93.4,-1,4336,0.1,False
reverse,3.96,30.7,31,93.4,-1,4336,0.1,False
reverse,3.96,30.7,31,93.3,-1,4336,0.1,False
reverse,3.97,30.8,31,93.3,-1,4347,0.1,False
reverse,3.98,30.8,31,93.3,-1,4347,0.1,False
reverse,3.98,30.9,31,93.2,-1,4359,0.1,False
reverse,3.99,30.9,31,93.2,-1,4359,0.1,False
reverse,4.00,30.9,31,93.2,-1,4359,0.1,False
reverse,4.00,31.0,31,93.1,-1,4370,0.1,False
reverse,4.01,31.0,31,93.1,-1,4370,0.1,False
reverse,4.02,31.1,31,93.1,-1,4382,0.1,False
reverse,4.02,31.1,31,93.0,-1,4382,0.1,False
reverse,4.03,31.1,31,93.0,-1,4382,0.1,False
reverse,4.03,31.2,31,93.0,-1,4393,0.1,False
reverse,4.04,31.2,31,92.9,-1,4393,0.1,False
reverse,4.05,31.2,31,92.9,-1,4404,0.1,False
reverse,4.05,31.2,31,92.9,-1,4404,0.1,False
reverse,4.06,31.2,31,92.8,-1,4404,0.1,False
reverse,4.07,31.3,31,92.8,-1,4415,0.1,False
reverse,4.07,31.3,31,92.8,-1,4415,0.1,False
reverse,4.08,31.4,31,92.7,-1,4426,0.1,False
reverse,4.09,31.4,31,92.7,-1,4426,0.1,False
reverse,4.09,31.4,31,92.7,-1,4426,0.1,False
reverse,4.10,31.5,31,92.6,-1,4436,0.1,False
reverse,4.11,31.5,31,92.6,-1,4436,0.1,False
reverse,4.11,31.5,31,92.6,-1,4436,0.1,False
reverse,4.12,31.5,32,92.5,-1,4446,0.1,False
reverse,4.13,31.5,32,92.5,-1,4446,0.1,False
reverse,4.13,31.6,32,92.5,-1,4456,0.1,False
reverse,4.14,31.6,32,92.5,-1,4456,0.1,False
reverse,4.14,31.6,32,92.4,-1,4456,0.1,False
reverse,4.15,31.7,32,92.4,-1,4465,0.1,False
reverse,4.16,31.7,32,92.4,-1,4465,0.1,False
reverse,4.16,31.7,32,92.4,-1,4465,0.1,False
reverse,4.17,31.7,32,92.3,-1,4475,0.1,False
reverse,4.17,31.7,32,92.3,-1,4475,0.1,False
reverse,4.18,31.8,32,92.3,-1,4485,0.1,False
reverse,4.19,31.8,32,92.2,-1,4485,0.1,False
reverse,4.19,31.8,32,92.2,-1,4485,0.1,False
reverse,4.20,31.9,32,92.2,-1,4495,0.1,False
reverse,4.21,31.9,32,92.1,-1,4495,0.1,False
reverse,4.21,31.9,32,92.1,-1,4506,0.1,False
reverse,4.22,31.9,32,92.1,-1,4506,0.1,False
reverse,4.23,31.9,32,92.1,-1,4506,0.1,False
reverse,4.23,32.0,32,92.0,-1,4516,0.1,False
reverse,4.24,32.0,32,92.0,-1,4516,0.1,False
reverse,4.24,32.0,32,92.0,-1,4516,0.1,False
reverse,4.25,32.1,32,91.9,-1,4526,0.1,False
reverse,4.26,32.1,32,91.9,-1,4526,0.1,False
reverse,4.26,32.2,32,91.9,-1,4536,0.1,False
reverse,4.27,32.2,32,91.9,-1,4536,0.1,False
reverse,4.28,32.2,32,91.8,-1,4536,0.1,False
reverse,4.28,32.2,32,91.8,-1,4547,0.2,False
reverse,4.29,32.2,32,91.8,-1,4547,0.2,False
reverse,4.29,32.2,32,91.8,-1,4547,0.2,False
reverse,4.30,32.3,32,91.7,-1,4558,0.2,False
reverse,4.31,32.3,32,91.7,-1,4558,0.2,False
reverse,4.32,32.4,32,91.7,-1,4569,0.2,False
reverse,4.32,32.4,32,91.6,-1,4569,0.2,False
reverse,4.33,32.4,32,91.6,-1,4569,0.2,False
reverse,4.34,32.5,32,91.6,-1,4580,0.2,False
reverse,4.34,32.5,32,91.5,-1,4580,0.2,False
reverse,4.35,32.5,33,91.5,-1,4590,0.2,False
reverse,4.36,32.5,33,91.5,-1,4590,0.2,False
reverse,4.36,32.5,33,91.4,-1,4590,0.2,False
reverse,4.37,32.6,33,91.4,-1,4601,0.1,False
reverse,4.38,32.6,33,91.4,-1,4601,0.1,False
reverse,4.38,32.7,33,91.3,-1,4612,0.1,False
reverse,4.39,32.7,33,91.3,-1,4612,0.1,False
reverse,4.40,32.7,33,91.3,-1,4612,0.1,False
reverse,4.40,32.8,33,91.2,-1,4624,0.1,False
reverse,4.41,32.8,33,91.2,-1,4624,0.1,False
reverse,4.42,32.9,33,91.2,-1,4635,0.1,False
reverse,4.42,32.9,33,91.1,-1,4635,0.1,False
reverse,4.43,32.9,33,91.1,-1,4635,0.1,False
reverse,4.43,32.9,33,91.1,-1,4646,0.1,False
reverse,4.44,32.9,33,91.1,-1,4646,0.1,False
reverse,4.45,33.0,33,91.0,-1,4657,0.1,False
reverse,4.45,33.0,33,91.0,-1,4657,0.1,False
reverse,4.46,33.0,33,91.0,-1,4657,0.1,False
reverse,4.47,33.1,33,90.9,-1,4668,0.1,False
reverse,4.48,33.1,33,90.9,-1,4668,0.1,False
reverse,4.48,33.2,33,90.9,-1,4679,0.1,False
reverse,4.49,33.2,33,90.8,-1,4679,0.1,False
reverse,4.49,33.2,33,90.8,-1,4679,0.1,False
reverse,4.50,33.2,33,90.8,-1,4690,0.1,False
reverse,4.51,33.2,33,90.7,-1,4690,0.1,False
reverse,4.51,33.2,33,90.7,-1,4690,0.1,False
reverse,4.52,33.3,33,90.7,-1,4700,0.1,False
reverse,4.53,33.3,33,90.6,-1,4700,0.1,False
reverse,4.53,33.4,33,90.6,-1,4710,0.1,False
reverse,4.54,33.4,33,90.6,-1,4710,0.1,False
reverse,4.54,33.4,33,90.6,-1,4710,0.1,False
reverse,4.55,33.5,33,90.5,-1,4721,0.1,False
reverse,4.56,33.5,33,90.5,-1,4721,0.1,False
reverse,4.57,33.6,34,90.5,-1,4732,0.2,False
reverse,4.57,33.6,34,90.4,-1,4732,0.2,False
reverse,4.58,33.6,34,90.4,-1,4732,0.2,False
reverse,4.59,33.6,34,90.4,-1,4743,0.2,False
reverse,4.59,33.6,34,90.3,-1,4743,0.2,False
reverse,4.60,33.7,34,90.3,-1,4755,0.2,False
reverse,4.61,33.7,34,90.3,-1,4755,0.2,False
reverse,4.61,33.8,34,90.2,-1,4766,0.2,False
reverse,4.62,33.8,34,90.2,-1,4766,0.2,False
reverse,4.63,33.8,34,90.2,-1,4766,0.2,False
reverse,4.63,33.9,34,90.1,-1,4777,0.2,False
reverse,4.64,33.9,34,90.1,-1,4777,0.2,False
reverse,4.64,33.9,34,90.1,-1,4777,0.2,False
reverse,4.65,34.0,34,90.0,-1,4789,0.2,False
reverse,4.66,34.0,34,90.0,-1,4789,0.2,False
reverse,4.66,34.0,34,90.0,-1,4800,0.3,False
reverse,4.67,34.0,34,89.9,-1,4800,0.3,False
reverse,4.68,34.0,34,89.9,-1,4800,0.3,False
reverse,4.68,34.1,34,89.9,-1,4811,0.3,False
reverse,4.69,34.1,34,89.8,-1,4811,0.3,False
reverse,4.70,34.2,34,89.8,-1,4822,0.2,False
reverse,4.70,34.2,34,89.8,-1,4822,0.2,False
reverse,4.71,34.2,34,89.8,-1,4822,0.2,False
reverse,4.72,34.3,34,89.7,-1,4833,0.2,False
reverse,4.72,34.3,34,89.7,-1,4833,0.2,False
reverse,4.73,34.3,34,89.7,-1,4833,0.2,False
reverse,4.74,34.3,34,89.6,-1,4844,0.2,False
reverse,4.74,34.3,34,89.6,-1,4844,0.2,False
reverse,4.75,34.4,34,89.6,-1,4854,0.2,False
reverse,4.76,34.4,34,89.5,-1,4854,0.2,False
reverse,4.76,34.4,34,89.5,-1,4854,0.2,False
reverse,4.77,34.5,34,89.5,-1,4865,0.2,False
reverse,4.78,34.5,34,89.4,-1,4865,0.2,False
reverse,4.78,34.6,35,89.4,-1,4876,0.1,False
reverse,4.79,34.6,35,89.4,-1,4876,0.1,False
reverse,4.80,34.6,35,89.3,-1,4886,0.1,False
reverse,4.80,34.6,35,89.3,-1,4886,0.1,False
reverse,4.81,34.6,35,89.3,-1,4886,0.1,False
reverse,4.82,34.7,35,89.2,-1,4896,0.1,False
reverse,4.82,34.7,35,89.2,-1,4896,0.1,False
reverse,4.83,34.8,35,89.2,-1,4906,0.1,False
reverse,4.84,34.8,35,89.1,-1,4906,0.1,False
reverse,4.84,34.8,35,89.1,-1,4906,0.1,False
reverse,4.85,34.8,35,89.1,-1,4915,0.1,False
reverse,4.86,34.8,35,89.1,-1,4915,0.1,False
reverse,4.86,34.8,35,89.0,-1,4915,0.1,False
reverse,4.87,34.9,35,89.0,-1,4925,0.1,False
reverse,4.87,34.9,35,89.0,-1,4925,0.1,False
reverse,4.88,35.0,35,88.9,-1,4934,0.1,False
reverse,4.89,35.0,35,88.9,-1,4934,0.1,False
reverse,4.90,35.0,35,88.9,-1,4934,0.1,False
reverse,4.90,35.0,35,88.9,-1,4943,0.2,False
reverse,4.91,35.0,35,88.8,-1,4943,0.2,False
reverse,4.92,35.1,35,88.8,-1,4953,0.2,False
reverse,4.92,35.1,35,88.8,-1,4953,0.2,False
reverse,4.93,35.1,35,88.7,-1,4953,0.2,False
reverse,4.93,35.2,35,88.7,-1,4963,0.2,False
reverse,4.94,35.2,35,88.7,-1,4963,0.2,False
reverse,4.95,35.3,35,88.7,-1,4973,0.3,False
reverse,4.95,35.3,35,88.6,-1,4973,0.3,False
reverse,4.96,35.3,35,88.6,-1,4973,0.3,False
reverse,4.97,35.3,35,88.6,-1,4983,0.3,False
reverse,4.97,35.3,35,88.5,-1,4983,0.3,False
reverse,4.98,35.3,35,88.5,-1,4983,0.3,False
reverse,4.99,35.4,35,88.5,-1,4993,0.3,False
reverse,4.99,35.4,35,88.5,-1,4993,0.3,False
reverse,5.00,35.5,35,88.4,-1,5004,0.3,False
reverse,5.00,35.5,35,88.4,-1,5004,0.3,False
reverse,5.01,35.5,35,88.4,-1,5004,0.3,False
reverse,5.02,35.6,36,88.3,-1,5016,0.3,False
reverse,5.03,35.6,36,88.3,-1,5016,0.3,False
reverse,5.03,35.7,36,88.3,-1,5032,0.3,False
reverse,5.04,35.7,36,88.2,-1,5032,0.3,False
reverse,5.05,35.7,36,88.2,-1,5032,0.3,False
reverse,5.05,35.8,36,88.2,-1,5049,0.4,False
reverse,5.06,35.8,36,88.1,-1,5049,0.4,False
reverse,5.07,36.0,36,88.1,-1,5071,0.4,False
reverse,5.07,36.0,36,88.0,-1,5071,0.4,False
reverse,5.08,36.0,36,88.0,-1,5071,0.4,False
reverse,5.08,36.1,36,87.9,-1,5094,0.4,False
reverse,5.09,36.1,36,87.9,-1,5094,0.4,False
reverse,5.10,36.3,36,87.9,-1,5112,0.4,False
reverse,5.10,36.3,36,87.8,-1,5112,0.4,False
reverse,5.11,36.3,36,87.8,-1,5112,0.4,False
reverse,5.12,36.4,36,87.7,-1,5127,0.3,False
reverse,5.12,36.4,36,87.7,-1,5127,0.3,False
reverse,5.13,36.4,36,87.6,-1,5127,0.3,False
reverse,5.13,36.5,36,87.6,-1,5142,0.3,False
reverse,5.14,36.5,36,87.5,-1,5142,0.3,False
reverse,5.15,36.5,37,87.5,-1,5155,0.2,False
reverse,5.16,36.5,37,87.4,-1,5155,0.2,False
reverse,5.16,36.6,37,87.4,-1,5166,0.1,False
reverse,5.17,36.6,37,87.4,-1,5166,0.1,False
reverse,5.18,36.6,37,87.3,-1,5166,0.1,False
reverse,5.18,36.6,37,87.3,-1,5175,0.1,False
reverse,5.19,36.6,37,87.3,-1,5175,0.1,False
reverse,5.19,36.6,37,87.2,-1,5175,0.1,False
reverse,5.20,36.6,37,87.2,-1,5176,0.0,False
reverse,5.21,36.6,37,87.2,-1,5176,0.0,False
reverse,5.21,36.6,37,87.1,-1,5176,0.0,False
reverse,5.22,36.6,37,87.1,-1,5175,0.0,False
reverse,5.22,36.6,37,87.1,-1,5175,0.0,False
reverse,5.23,36.6,37,87.1,-1,5173,-0.1,False
reverse,5.24,36.6,37,87.1,-1,5173,-0.1,False
reverse,5.24,36.6,37,87.0,-1,5173,-0.1,False
reverse,5.25,36.6,37,87.0,-1,5168,-0.1,False
reverse,5.26,36.6,37,87.0,-1,5168,-0.1,False
reverse,5.26,36.6,37,87.0,-1,5168,-0.1,False
reverse,5.27,36.6,37,87.0,-1,5162,0.0,False
reverse,5.28,36.6,37,87.0,-1,5162,0.0,False
reverse,5.28,36.5,37,87.0,-1,5156,0.1,False
reverse,5.29,36.5,37,87.0,-1,5156,0.1,False
reverse,5.30,36.5,37,87.0,-1,5156,0.1,False
reverse,5.30,36.5,36,87.0,-1,5150,0.2,False
reverse,5.31,36.5,36,87.0,-1,5150,0.2,False
reverse,5.32,36.4,36,87.0,-1,5145,0.4,False
reverse,5.32,36.4,36,87.0,-1,5145,0.4,False
reverse,5.33,36.4,36,87.0,-1,5145,0.4,False
reverse,5.33,36.4,36,87.0,-1,5143,0.5,False
reverse,5.34,36.4,36,87.0,-1,5143,0.5,False
reverse,5.35,36.4,36,87.0,-1,5142,0.6,False
reverse,5.35,36.4,36,87.0,-1,5142,0.6,False
reverse,5.36,36.4,36,87.0,-1,5142,0.6,False
reverse,5.37,36.4,36,87.0,-1,5142,0.6,False
reverse,5.37,36.4,36,87.0,-1,5142,0.6,False
reverse,5.38,36.4,36,87.0,-1,5142,0.6,False
reverse,5.38,36.4,36,87.0,-1,5142,0.6,False
reverse,5.39,36.4,36,87.0,-1,5142,0.6,False
reverse,5.40,36.4,36,87.0,-1,5144,0.6,False
reverse,5.40,36.4,36,87.0,-1,5144,0.6,False
reverse,5.41,36.4,36,87.0,-1,5144,0.6,False
reverse,5.42,36.5,36,87.0,-1,5147,0.5,False
reverse,5.42,36.5,36,87.0,-1,5147,0.5,False
reverse,5.43,36.5,37,87.0,-1,5154,0.4,False
reverse,5.44,36.5,37,87.0,-1,5154,0.4,False
reverse,5.45,36.5,37,87.0,-1,5154,0.4,False
reverse,5.45,36.6,37,87.0,-1,5164,0.4,False
reverse,5.46,36.6,37,87.0,-1,5164,0.4,False
reverse,5.46,36.7,37,87.0,-1,5175,0.3,False
reverse,5.47,36.7,37,87.0,-1,5175,0.3,False
reverse,5.48,36.7,37,87.0,-1,5175,0.3,False
reverse,5.48,36.8,37,86.9,-1,5188,0.3,False
reverse,5.49,36.8,37,86.9,-1,5188,0.3,False
reverse,5.50,36.8,37,86.9,-1,5188,0.3,False
reverse,5.50,36.9,37,86.9,-1,5202,0.2,False
reverse,5.51,36.9,37,86.8,-1,5202,0.2,False
reverse,5.52,37.0,37,86.8,-1,5217,0.2,False
reverse,5.52,37.0,37,86.8,-1,5217,0.2,False
reverse,5.53,37.0,37,86.8,-1,5217,0.2,False
reverse,5.53,37.1,37,86.7,-1,5233,0.2,False
reverse,5.54,37.1,37,86.7,-1,5233,0.2,False
reverse,5.55,37.1,37,86.7,-1,5233,0.2,False
reverse,5.55,37.2,37,86.6,-1,5250,0.2,False
reverse,5.56,37.2,37,86.6,-1,5250,0.2,False
reverse,5.57,37.4,37,86.6,-1,5266,0.3,False
reverse,5.57,37.4,37,86.5,-1,5266,0.3,False
reverse,5.58,37.5,37,86.5,-1,5283,0.3,False
reverse,5.59,37.5,37,86.4,-1,5283,0.3,False
reverse,5.59,37.5,37,86.4,-1,5283,0.3,False
reverse,5.60,37.6,38,86.4,-1,5299,0.3,False
reverse,5.61,37.6,38,86.3,-1,5299,0.3,False
reverse,5.61,37.7,38,86.3,-1,5315,0.4,False
reverse,5.62,37.7,38,86.2,-1,5315,0.4,False
reverse,5.63,37.7,38,86.2,-1,5315,0.4,False
reverse,5.63,37.8,38,86.2,-1,5329,0.4,False
reverse,5.64,37.8,38,86.1,-1,5329,0.4,False
reverse,5.65,37.8,38,86.1,-1,5329,0.4,False
reverse,5.65,37.9,38,86.0,-1,5343,0.4,False
reverse,5.66,37.9,38,86.0,-1,5343,0.4,False
reverse,5.66,38.0,38,86.0,-1,5356,0.4,False
reverse,5.67,38.0,38,85.9,-1,5356,0.4,False
reverse,5.68,38.0,38,85.9,-1,5356,0.4,False
reverse,5.68,38.1,38,85.9,-1,5368,0.4,False
reverse,5.69,38.1,38,85.8,-1,5368,0.4,False
reverse,5.70,38.1,38,85.8,-1,5368,0.4,False
reverse,5.70,38.1,38,85.7,-1,5379,0.4,False
reverse,5.71,38.1,38,85.7,-1,5379,0.4,False
reverse,5.72,38.2,38,85.7,-1,5388,0.4,False
reverse,5.72,38.2,38,85.6,-1,5388,0.4,False
reverse,5.73,38.2,38,85.6,-1,5388,0.4,False
reverse,5.74,38.3,38,85.6,-1,5397,0.3,False
reverse,5.74,38.3,38,85.5,-1,5397,0.3,False
reverse,5.75,38.3,38,85.5,-1,5406,0.3,False
reverse,5.76,38.3,38,85.5,-1,5406,0.3,False
reverse,5.76,38.3,38,85.4,-1,5406,0.3,False
reverse,5.77,38.4,38,85.4,-1,5414,0.3,False
reverse,5.78,38.4,38,85.4,-1,5414,0.3,False
reverse,5.78,38.4,38,85.3,-1,5422,0.2,False
reverse,5.79,38.4,38,85.3,-1,5422,0.2,False
reverse,5.80,38.4,38,85.3,-1,5422,0.2,False
reverse,5.80,38.5,38,85.3,-1,5430,0.2,False
reverse,5.81,38.5,38,85.2,-1,5430,0.2,False
reverse,5.82,38.5,39,85.2,-1,5437,0.2,False
reverse,5.82,38.5,39,85.2,-1,5437,0.2,False
reverse,5.83,38.5,39,85.2,-1,5437,0.2,False
reverse,5.84,38.6,39,85.1,-1,5445,0.1,False
reverse,5.84,38.6,39,85.1,-1,5445,0.1,False
reverse,5.85,38.6,39,85.1,-1,5452,0.1,False
reverse,5.86,38.6,39,85.0,-1,5452,0.1,False
reverse,5.86,38.6,39,85.0,-1,5452,0.1,False
reverse,5.87,38.7,39,85.0,-1,5459,0.1,False
reverse,5.87,38.7,39,85.0,-1,5459,0.1,False
reverse,5.88,38.7,39,85.0,-1,5467,0.1,False
reverse,5.89,38.7,39,84.9,-1,5467,0.1,False
reverse,5.89,38.7,39,84.9,-1,5467,0.1,False
reverse,5.90,38.8,39,84.9,-1,5474,0.1,False
reverse,5.91,38.8,39,84.9,-1,5474,0.1,False
reverse,5.92,38.9,39,84.8,-1,5482,0.1,False
reverse,5.92,38.9,39,84.8,-1,5482,0.1,False
reverse,5.93,38.9,39,84.8,-1,5482,0.1,False
reverse,5.94,38.9,39,84.8,-1,5491,0.1,False
reverse,5.94,38.9,39,84.7,-1,5491,0.1,False
reverse,5.95,39.0,39,84.7,-1,5500,0.1,False
reverse,5.95,39.0,39,84.7,-1,5500,0.1,False
reverse,5.96,39.0,39,84.7,-1,5500,0.1,False
reverse,5.97,39.0,39,84.6,-1,5509,0.1,False
reverse,5.97,39.0,39,84.6,-1,5509,0.1,False
reverse,5.98,39.0,39,84.6,-1,5509,0.1,False
reverse,5.99,39.1,39,84.6,-1,5519,0.1,False
reverse,5.99,39.1,39,84.5,-1,5519,0.1,False
reverse,6.00,39.2,39,84.5,-1,5528,0.1,False
reverse,6.01,39.2,39,84.5,-1,5528,0.1,False
reverse,6.01,39.2,39,84.5,-1,5528,0.1,False
reverse,6.02,39.3,39,84.4,-1,5538,0.1,False
reverse,6.03,39.3,39,84.4,-1,5538,0.1,False
reverse,6.03,39.3,39,84.4,-1,5548,0.1,False
reverse,6.04,39.3,39,84.4,-1,5548,0.1,False
reverse,6.04,39.3,39,84.3,-1,5548,0.1,False
reverse,6.05,39.4,39,84.3,-1,5559,0.1,False
reverse,6.06,39.4,39,84.3,-1,5559,0.1,False
reverse,6.06,39.4,39,84.3,-1,5559,0.1,False
reverse,6.07,39.5,39,84.2,-1,5569,0.1,False
reverse,6.07,39.5,39,84.2,-1,5569,0.1,False
reverse,6.08,39.6,40,84.2,-1,5579,0.1,False
reverse,6.09,39.6,40,84.1,-1,5579,0.1,False
reverse,6.09,39.6,40,84.1,-1,5579,0.1,False
reverse,6.10,39.6,40,84.1,-1,5590,0.1,False
reverse,6.11,39.6,40,84.1,-1,5590,0.1,False
reverse,6.12,39.7,40,84.0,-1,5600,0.0,False
reverse,6.12,39.7,40,84.0,-1,5600,0.0,False
reverse,6.13,39.7,40,84.0,-1,5600,0.0,False
reverse,6.14,39.8,40,83.9,-1,5610,0.0,False
reverse,6.14,39.8,40,83.9,-1,5610,0.0,False
reverse,6.15,39.8,40,83.9,-1,5620,0.0,False
reverse,6.16,39.8,40,83.9,-1,5620,0.0,False
reverse,6.16,39.8,40,83.8,-1,5620,0.0,False
reverse,6.17,39.9,40,83.8,-1,5630,0.0,False
reverse,6.17,39.9,40,83.8,-1,5630,0.0,False
reverse,6.18,40.0,40,83.7,-1,5640,0.0,False
reverse,6.19,40.0,40,83.7,-1,5640,0.0,False
reverse,6.19,40.0,40,83.7,-1,5640,0.0,False
reverse,6.20,40.0,40,83.7,-1,5649,0.0,False
reverse,6.21,40.0,40,83.6,-1,5649,0.0,False
reverse,6.21,40.0,40,83.6,-1,5649,0.0,False
reverse,6.22,40.1,40,83.6,-1,5659,0.0,False
reverse,6.22,40.1,40,83.5,-1,5659,0.0,False
reverse,6.23,40.2,40,83.5,-1,5669,0.0,False
reverse,6.24,40.2,40,83.5,-1,5669,0.0,False
reverse,6.24,40.2,40,83.5,-1,5669,0.0,False
reverse,6.25,40.3,40,83.4,-1,5679,0.0,False
reverse,6.26,40.3,40,83.4,-1,5679,0.0,False
reverse,6.26,40.3,40,83.4,-1,5679,0.0,False
reverse,6.27,40.3,40,83.3,-1,5690,0.0,False
reverse,6.28,40.3,40,83.3,-1,5690,0.0,False
reverse,6.28,40.4,40,83.3,-1,5700,0.0,False
reverse,6.29,40.4,40,83.3,-1,5700,0.0,False
reverse,6.29,40.4,40,83.2,-1,5700,0.0,False
reverse,6.30,40.5,40,83.2,-1,5710,0.0,False
reverse,6.31,40.5,40,83.2,-1,5710,0.0,False
reverse,6.31,40.5,40,83.2,-1,5710,0.0,False
reverse,6.32,40.6,41,83.1,-1,5721,0.1,False
reverse,6.33,40.6,41,83.1,-1,5721,0.1,False
reverse,6.33,40.6,41,83.1,-1,5731,0.1,False
reverse,6.34,40.6,41,83.0,-1,5731,0.1,False
reverse,6.35,40.6,41,83.0,-1,5731,0.1,False
reverse,6.35,40.7,41,83.0,-1,5740,0.1,False
reverse,6.36,40.7,41,82.9,-1,5740,0.1,False
reverse,6.37,40.8,41,82.9,-1,5750,0.0,False
reverse,6.37,40.8,41,82.9,-1,5750,0.0,False
reverse,6.38,40.8,41,82.9,-1,5750,0.0,False
reverse,6.39,40.8,41,82.8,-1,5759,0.0,False
reverse,6.39,40.8,41,82.8,-1,5759,0.0,False
reverse,6.40,40.9,41,82.8,-1,5769,0.0,False
reverse,6.40,40.9,41,82.8,-1,5769,0.0,False
reverse,6.41,41.0,41,82.7,-1,5778,0.0,False
reverse,6.42,41.0,41,82.7,-1,5778,0.0,False
reverse,6.43,41.0,41,82.7,-1,5778,0.0,False
reverse,6.43,41.0,41,82.6,-1,5788,0.0,False
reverse,6.44,41.0,41,82.6,-1,5788,0.0,False
reverse,6.45,41.0,41,82.6,-1,5788,0.0,False
reverse,6.45,41.1,41,82.5,-1,5797,0.0,False
reverse,6.46,41.1,41,82.5,-1,5797,0.0,False
reverse,6.47,41.2,41,82.5,-1,5806,0.0,False
reverse,6.47,41.2,41,82.5,-1,5806,0.0,False
reverse,6.48,41.2,41,82.4,-1,5806,0.0,False
reverse,6.48,41.2,41,82.4,-1,5815,0.0,False
reverse,6.49,41.2,41,82.4,-1,5815,0.0,False
reverse,6.50,41.2,41,82.4,-1,5815,0.0,False
reverse,6.50,41.3,41,82.3,-1,5824,0.0,False
reverse,6.51,41.3,41,82.3,-1,5824,0.0,False
reverse,6.52,41.3,41,82.3,-1,5833,0.0,False
reverse,6.52,41.3,41,82.3,-1,5833,0.0,False
reverse,6.53,41.3,41,82.2,-1,5833,0.0,False
reverse,6.53,41.4,41,82.2,-1,5842,0.0,False
reverse,6.54,41.4,41,82.2,-1,5842,0.0,False
reverse,6.55,41.5,41,82.1,-1,5851,0.0,False
reverse,6.56,41.5,41,82.1,-1,5851,0.0,False
reverse,6.56,41.5,41,82.1,-1,5851,0.0,False
reverse,6.57,41.5,42,82.1,-1,5860,0.0,False
reverse,6.58,41.5,42,82.0,-1,5860,0.0,False
reverse,6.58,41.6,42,82.0,-1,5870,0.0,False
reverse,6.59,41.6,42,82.0,-1,5870,0.0,False
reverse,6.60,41.7,42,82.0,-1,5879,0.0,False
reverse,6.60,41.7,42,81.9,-1,5879,0.0,False
reverse,6.61,41.7,42,81.9,-1,5879,0.0,False
reverse,6.62,41.7,42,81.9,-1,5889,0.0,False
reverse,6.62,41.7,42,81.8,-1,5889,0.0,False
reverse,6.63,41.7,42,81.8,-1,5889,0.0,False
reverse,6.64,41.8,42,81.8,-1,5899,0.1,False
reverse,6.64,41.8,42,81.8,-1,5899,0.1,False
reverse,6.65,41.9,42,81.7,-1,5913,0.0,False
reverse,6.65,41.9,42,81.7,-1,5913,0.0,False
reverse,6.66,41.9,42,81.7,-1,5913,0.0,False
reverse,6.67,42.0,42,81.6,-1,5928,0.0,False
reverse,6.67,42.0,42,81.6,-1,5928,0.0,False
reverse,6.68,42.0,42,81.6,-1,5928,0.0,False
reverse,6.68,42.1,42,81.6,-1,5939,0.0,False
reverse,6.70,42.1,42,81.5,-1,5939,0.0,False
reverse,6.70,42.2,42,81.5,-1,5949,0.0,False
reverse,6.71,42.2,42,81.4,-1,5949,0.0,False
reverse,6.71,42.2,42,81.4,-1,5959,0.0,False
reverse,6.72,42.2,42,81.4,-1,5959,0.0,False
reverse,6.73,42.2,42,81.4,-1,5959,0.0,False
reverse,6.73,42.3,42,81.3,-1,5968,0.0,False
reverse,6.74,42.3,42,81.3,-1,5968,0.0,False
reverse,6.74,42.3,42,81.3,-1,5968,0.0,False
reverse,6.75,42.4,42,81.2,-1,5976,0.0,False
reverse,6.76,42.4,42,81.2,-1,5976,0.0,False
reverse,6.76,42.4,42,81.2,-1,5984,0.0,False
reverse,6.77,42.4,42,81.2,-1,5984,0.0,False
reverse,6.78,42.4,42,81.1,-1,5984,0.0,False
reverse,6.78,42.5,42,81.1,-1,5992,0.0,False
reverse,6.79,42.5,42,81.1,-1,5992,0.0,False
reverse,6.80,42.5,42,81.1,-1,5992,0.0,False
reverse,6.80,42.5,43,81.0,-1,6000,0.0,False
reverse,6.81,42.5,43,81.0,-1,6000,0.0,False
reverse,6.82,42.6,43,81.0,-1,6007,0.1,False
reverse,6.82,42.6,43,81.0,-1,6007,0.1,False
reverse,6.83,42.6,43,80.9,-1,6007,0.1,False
reverse,6.84,42.6,43,80.9,-1,6015,0.1,False
reverse,6.84,42.6,43,80.9,-1,6015,0.1,False
reverse,6.85,42.7,43,80.9,-1,6021,0.1,False
reverse,6.86,42.7,43,80.8,-1,6021,0.1,False
reverse,6.86,42.7,43,80.8,-1,6021,0.1,False
reverse,6.87,42.7,43,80.8,-1,6027,0.1,False
reverse,6.87,42.7,43,80.8,-1,6027,0.1,False
reverse,6.88,42.8,43,80.8,-1,6034,0.1,False
reverse,6.89,42.8,43,80.7,-1,6034,0.1,False
reverse,6.89,42.8,43,80.7,-1,6034,0.1,False
reverse,6.90,42.8,43,80.7,-1,6042,0.0,False
reverse,6.91,42.8,43,80.7,-1,6042,0.0,False
reverse,6.91,42.8,43,80.6,-1,6042,0.0,False
reverse,6.92,42.9,43,80.6,-1,6050,0.0,False
reverse,6.93,42.9,43,80.6,-1,6050,0.0,False
reverse,6.93,42.9,43,80.6,-1,6059,0.0,False
reverse,6.94,42.9,43,80.6,-1,6059,0.0,False
reverse,6.94,42.9,43,80.5,-1,6059,0.0,False
reverse,6.95,43.0,43,80.5,-1,6068,0.0,False
reverse,6.96,43.0,43,80.5,-1,6068,0.0,False
reverse,6.96,43.1,43,80.5,-1,6077,0.0,False
reverse,6.97,43.1,43,80.4,-1,6077,0.0,False
reverse,6.98,43.1,43,80.4,-1,6077,0.0,False
reverse,6.99,43.1,43,80.4,-1,6087,0.0,False
reverse,6.99,43.1,43,80.3,-1,6087,0.0,False
reverse,7.00,43.2,43,80.3,-1,6096,0.0,False
slide,0.07,0.6,1,124.5,1,3324,0.0,False
slide,0.08,0.6,1,124.5,1,3324,0.0,False
slide,0.08,0.7,1,124.5,1,3324,0.0,False
slide,0.09,0.7,1,124.4,1,3324,0.0,False
slide,0.10,0.7,1,124.4,1,3324,0.0,False
slide,0.11,0.8,1,124.4,1,3324,0.0,False
slide,0.11,0.8,1,124.4,1,3324,0.0,False
slide,0.12,0.9,1,124.3,1,3324,0.0,False
slide,0.13,0.9,1,124.3,1,3324,0.0,False
slide,0.14,1.1,1,124.3,1,3324,0.0,False
slide,0.14,1.1,1,124.2,1,3324,0.0,False
slide,0.15,1.1,1,124.2,1,3324,0.0,False
slide,0.15,1.2,1,124.2,1,3324,0.0,False
slide,0.16,1.2,1,124.2,1,3324,0.0,False
slide,0.16,1.4,1,124.1,1,3324,0.0,False
slide,0.17,1.4,1,124.1,1,3324,0.0,False
slide,0.18,1.4,1,124.0,1,3324,0.0,False
slide,0.18,1.6,2,124.0,1,3324,0.0,False
slide,0.19,1.6,2,123.9,1,3324,0.0,False
slide,0.20,1.6,2,123.9,1,3324,0.0,False
slide,0.20,1.7,2,123.8,1,3324,0.0,False
slide,0.21,1.7,2,123.8,1,3324,0.0,False
slide,0.22,2.0,2,123.7,1,3324,0.0,False
slide,0.22,2.0,2,123.7,1,3324,0.0,False
slide,0.23,2.0,2,123.6,1,3324,0.0,False
slide,0.24,2.2,2,123.6,1,3324,0.0,False
slide,0.24,2.2,2,123.5,1,3324,0.0,False
slide,0.25,2.4,2,123.4,1,3324,0.0,False
slide,0.26,2.4,2,123.4,1,3324,0.0,False
slide,0.26,2.4,2,123.3,1,3324,0.0,False
slide,0.27,2.6,3,123.2,1,3324,0.0,False
slide,0.28,2.6,3,123.1,1,3324,0.0,False
slide,0.28,2.9,3,123.0,1,3324,0.0,False
slide,0.29,2.9,3,123.0,1,3324,0.0,False
slide,0.30,2.9,3,122.9,1,3324,0.0,False
slide,0.30,3.1,3,122.8,1,3324,0.0,False
slide,0.31,3.1,3,122.7,1,3324,0.0,False
slide,0.31,3.4,3,122.6,1,3324,0.0,False
slide,0.32,3.4,3,122.6,1,3324,0.0,False
slide,0.33,3.4,3,122.5,1,3324,0.0,False
slide,0.34,3.7,4,122.4,1,3324,0.0,False
slide,0.34,3.7,4,122.3,1,3324,0.0,False
slide,0.35,3.7,4,122.2,1,3324,0.0,False
slide,0.35,3.9,4,122.1,1,3324,0.0,False
slide,0.36,3.9,4,122.0,1,3324,0.0,False
slide,0.37,4.2,4,121.9,1,3324,0.0,False
slide,0.37,4.2,4,121.8,1,3324,0.0,False
slide,0.38,4.2,4,121.7,1,3324,0.0,False
slide,0.39,4.5,4,121.6,1,3324,0.0,False
slide,0.39,4.5,4,121.5,1,3324,0.0,False
slide,0.40,4.7,5,121.4,1,3324,0.0,False
slide,0.41,4.7,5,121.3,1,3324,0.0,False
slide,0.41,4.7,5,121.2,1,3324,0.0,False
slide,0.42,5.0,5,121.1,1,3324,0.0,False
slide,0.43,5.0,5,121.0,1,3324,0.0,False
slide,0.43,5.3,5,120.9,1,3324,0.0,False
slide,0.44,5.3,5,120.7,1,3324,0.0,False
slide,0.45,5.3,5,120.7,1,3324,0.0,False
slide,0.46,5.5,5,120.5,1,3324,0.0,False
slide,0.46,5.5,5,120.4,1,3324,0.0,False
slide,0.47,5.7,6,120.3,1,3324,0.0,False
slide,0.48,5.7,6,120.2,1,3324,0.0,False
slide,0.48,6.0,6,120.1,1,3324,0.0,False
slide,0.49,6.0,6,120.0,1,3324,0.0,False
slide,0.50,6.0,6,119.9,1,3324,0.0,False
slide,0.50,6.2,6,119.8,1,3324,0.0,False
slide,0.51,6.2,6,119.7,1,3324,0.0,False
slide,0.51,6.4,6,119.6,1,3324,0.0,False
slide,0.52,6.4,6,119.5,1,3324,0.0,False
slide,0.53,6.4,6,119.4,1,3324,0.0,False
slide,0.53,6.7,7,119.3,1,3324,0.0,False
slide,0.54,6.7,7,119.2,1,3324,0.0,False
slide,0.55,6.7,7,119.1,1,3324,0.0,False
slide,0.55,6.9,7,119.0,1,3324,0.0,False
slide,0.56,6.9,7,118.9,1,3324,0.0,False
slide,0.57,7.1,7,118.8,1,3324,0.0,False
slide,0.58,7.1,7,118.7,1,3324,0.0,False
slide,0.58,7.3,7,118.6,1,3324,12.8,False
slide,0.59,7.3,7,118.5,1,3324,12.8,False
slide,0.59,7.3,7,118.4,1,3324,12.8,False
slide,0.60,7.5,7,118.3,1,3324,12.8,False
slide,0.61,7.5,7,118.2,1,3324,12.8,False
slide,0.62,7.7,8,118.2,1,3324,12.8,False
slide,0.62,7.7,8,118.1,1,3324,12.8,False
slide,0.63,7.7,8,118.0,1,3324,12.8,False
slide,0.63,7.9,8,117.9,1,3324,12.8,False
slide,0.64,7.9,8,117.8,1,3324,12.8,False
slide,0.65,7.9,8,117.7,1,3324,12.8,False
slide,0.65,8.1,8,117.6,1,3324,12.8,False
slide,0.66,8.1,8,117.6,1,3324,12.8,False
slide,0.67,8.3,8,117.5,1,3324,12.8,False
slide,0.67,8.3,8,117.4,1,3324,12.8,False
slide,0.68,8.3,8,117.3,1,3324,12.8,False
slide,0.69,8.5,9,117.2,1,3324,12.8,False
slide,0.69,8.5,9,117.1,1,3324,12.8,False
slide,0.70,8.7,9,117.0,1,3324,12.8,False
slide,0.71,8.7,9,117.0,1,3324,12.8,False
slide,0.71,8.7,9,116.9,1,3324,12.8,False
slide,0.72,8.9,9,116.8,1,3324,12.8,False
slide,0.73,8.9,9,116.7,1,3324,12.8,False
slide,0.73,9.1,9,116.6,1,3324,12.8,False
slide,0.74,9.1,9,116.5,1,3324,12.8,False
slide,0.75,9.1,9,116.4,1,3324,12.8,False
slide,0.75,9.3,9,116.3,1,3324,12.8,False
slide,0.76,9.3,9,116.3,1,3324,12.8,False
slide,0.77,9.5,10,116.2,1,3324,12.8,False
slide,0.77,9.5,10,116.1,1,3324,12.8,False
slide,0.78,9.5,10,116.0,1,3324,12.8,False
slide,0.78,9.8,10,115.9,1,3324,12.8,False
slide,0.79,9.8,10,115.9,1,3324,12.8,False
slide,0.80,9.8,10,115.8,1,3324,12.8,False
slide,0.80,10.0,10,115.7,1,3324,12.8,False
slide,0.81,10.0,10,115.6,1,3324,12.8,False
slide,0.81,10.0,10,115.5,1,3324,12.8,False
slide,0.82,10.2,10,115.5,1,3324,12.8,False
slide,0.83,10.2,10,115.4,1,3324,12.8,False
slide,0.84,10.4,10,115.3,1,3324,12.8,False
slide,0.84,10.4,10,115.2,1,3324,12.8,False
slide,0.85,10.6,11,115.1,1,3324,12.8,False
slide,0.86,10.6,11,115.0,1,3324,12.8,False
slide,0.86,10.6,11,114.9,1,3324,12.8,False
slide,0.87,10.8,11,114.8,1,3324,12.8,False
slide,0.87,10.8,11,114.8,1,3324,12.8,False
slide,0.88,10.8,11,114.7,1,3324,12.8,False
slide,0.89,11.0,11,114.6,1,3324,12.8,False
slide,0.89,11.0,11,114.5,1,3324,12.8,False
slide,0.90,11.3,11,114.4,1,3324,12.8,False
slide,0.91,11.3,11,114.3,1,3324,12.8,False
slide,0.91,11.3,11,114.2,1,3324,12.8,False
slide,0.92,11.5,11,114.2,1,3324,12.8,False
slide,0.92,11.5,11,114.1,1,3324,12.8,False
slide,0.93,11.5,11,114.0,1,3324,12.8,False
slide,0.94,11.7,12,113.9,1,3324,12.7,False
slide,0.94,11.7,12,113.8,1,3324,12.7,False
slide,0.95,11.9,12,113.7,1,3324,12.7,False
slide,0.96,11.9,12,113.6,1,3324,12.7,False
slide,0.96,11.9,12,113.5,1,3324,12.7,False
slide,0.97,12.1,12,113.5,1,3324,12.7,False
slide,0.98,12.1,12,113.4,1,3324,12.7,False
slide,0.99,12.4,12,113.2,1,3324,12.7,False
slide,0.99,12.4,12,113.2,1,3324,12.7,False
slide,1.00,12.6,13,113.1,1,3324,12.6,False
slide,1.01,12.6,13,113.0,1,3324,12.6,False
slide,1.01,12.6,13,112.9,1,3324,12.6,False
slide,1.02,12.8,13,112.8,1,3324,12.6,False
slide,1.03,12.8,13,112.7,1,3324,12.6,False
slide,1.03,13.0,13,112.6,1,3324,12.6,False
slide,1.04,13.0,13,112.5,1,3324,12.6,False
slide,1.04,13.0,13,112.5,1,3324,12.6,False
slide,1.05,13.2,13,112.4,1,3324,12.5,False
slide,1.06,13.2,13,112.3,1,3324,12.5,False
slide,1.06,13.2,13,112.2,1,3324,12.5,False
slide,1.07,13.4,13,112.1,1,3324,12.5,False
slide,1.08,13.4,13,112.0,1,3324,12.5,False
slide,1.09,13.7,14,111.9,1,3324,12.4,False
slide,1.09,13.7,14,111.8,1,3324,12.4,False
slide,1.10,13.9,14,111.7,1,3324,12.4,False
slide,1.11,13.9,14,111.6,1,3324,12.4,False
slide,1.11,13.9,14,111.6,1,3324,12.4,False
slide,1.12,14.1,14,111.5,1,3324,12.3,False
slide,1.12,14.1,14,111.4,1,3324,12.3,False
slide,1.13,14.1,14,111.3,1,3324,12.3,False
slide,1.14,14.3,14,111.2,1,3324,12.3,False
slide,1.15,14.3,14,111.1,1,3324,12.3,False
slide,1.16,14.5,15,111.0,1,3324,12.3,False
slide,1.16,14.5,15,110.9,1,3324,12.3,False
slide,1.17,14.7,15,110.8,1,3324,12.2,False
slide,1.17,14.7,15,110.7,1,3324,12.2,False
slide,1.18,14.7,15,110.6,1,3324,12.2,False
slide,1.19,14.9,15,110.5,1,3324,12.2,False
slide,1.19,14.9,15,110.5,1,3324,12.2,False
slide,1.20,15.1,15,110.4,1,3324,12.1,False
slide,1.21,15.1,15,110.3,1,3324,12.1,False
slide,1.21,15.1,15,110.2,1,3324,12.1,False
slide,1.22,15.3,15,110.1,1,3324,12.1,False
slide,1.23,15.3,15,110.0,1,3324,12.1,False
slide,1.23,15.5,16,109.9,1,3324,12.0,False
slide,1.24,15.5,16,109.8,1,3324,12.0,False
slide,1.25,15.5,16,109.7,1,3324,12.0,False
slide,1.25,15.8,16,109.7,1,3324,12.0,False
slide,1.26,15.8,16,109.6,1,3324,12.0,False
slide,1.27,16.0,16,109.5,1,3324,12.0,False
slide,1.27,16.0,16,109.4,1,3324,12.0,False
slide,1.28,16.0,16,109.3,1,3324,12.0,False
slide,1.29,16.2,16,109.2,1,3324,11.9,False
slide,1.29,16.2,16,109.1,1,3324,11.9,False
slide,1.30,16.4,16,109.0,1,3324,11.9,False
slide,1.31,16.4,16,108.9,1,3324,11.9,False
slide,1.31,16.4,16,108.9,1,3324,11.9,False
slide,1.32,16.6,17,108.8,1,3324,11.8,False
slide,1.33,16.6,17,108.7,1,3324,11.8,False
slide,1.33,16.8,17,108.6,1,3324,11.8,False
slide,1.34,16.8,17,108.5,1,3324,11.8,False
slide,1.35,17.0,17,108.4,1,3324,11.7,False
slide,1.36,17.0,17,108.3,1,3324,11.7,False
slide,1.36,17.0,17,108.3,1,3324,11.7,False
slide,1.37,17.2,17,108.2,1,3324,11.7,False
slide,1.37,17.2,17,108.1,1,3324,11.7,False
slide,1.38,17.2,17,108.0,1,3324,11.7,False
slide,1.39,17.4,17,107.9,1,3324,11.6,False
slide,1.39,17.4,17,107.9,1,3324,11.6,False
slide,1.40,17.6,18,107.8,1,3324,11.6,False
slide,1.41,17.6,18,107.7,1,3324,11.6,False
slide,1.41,17.6,18,107.6,1,3324,11.6,False
slide,1.42,17.8,18,107.5,1,3324,11.5,False
slide,1.43,17.8,18,107.4,1,3324,11.5,False
slide,1.43,18.0,18,107.3,1,3324,11.5,False
slide,1.44,18.0,18,107.2,1,3324,11.5,False
slide,1.45,18.0,18,107.2,1,3324,11.5,False
slide,1.46,18.2,18,107.1,1,3324,11.4,False
slide,1.46,18.2,18,107.0,1,3324,11.4,False
slide,1.47,18.4,18,106.9,1,3324,11.4,False
slide,1.48,18.4,18,106.8,1,3324,11.4,False
slide,1.48,18.6,19,106.7,1,3324,11.3,False
slide,1.49,18.6,19,106.6,1,3324,11.3,False
slide,1.50,18.6,19,106.5,1,3324,11.3,False
slide,1.50,18.8,19,106.4,1,3324,11.2,False
slide,1.51,18.8,19,106.3,1,3324,11.2,False
slide,1.52,19.0,19,106.3,1,3324,11.2,False
slide,1.52,19.0,19,106.2,1,3324,11.2,False
slide,1.53,19.0,19,106.1,1,3324,11.2,False
slide,1.53,19.2,19,106.0,1,3324,11.1,False
slide,1.54,19.2,19,106.0,1,3324,11.1,False
slide,1.55,19.2,19,105.9,1,3324,11.1,False
slide,1.55,19.4,19,105.8,1,3324,11.0,False
slide,1.56,19.4,19,105.7,1,3324,11.0,False
slide,1.57,19.6,20,105.6,1,3324,11.0,False
slide,1.58,19.6,20,105.5,1,3324,11.0,False
slide,1.58,19.8,20,105.4,1,3324,10.9,False
slide,1.59,19.8,20,105.3,1,3324,10.9,False
slide,1.60,19.8,20,105.3,1,3324,10.9,False
slide,1.60,20.0,20,105.2,1,3324,10.8,False
slide,1.61,20.0,20,105.1,1,3324,10.8,False
slide,1.62,20.2,20,105.0,1,3324,10.8,False
slide,1.63,20.2,20,104.9,1,3324,10.8,False
slide,1.63,20.4,20,104.8,1,3324,10.7,False
slide,1.64,20.4,20,104.7,1,3324,10.7,False
slide,1.65,20.4,20,104.6,1,3324,10.7,False
slide,1.66,20.6,21,104.5,1,3324,10.6,False
slide,1.66,20.6,21,104.4,1,3324,10.6,False
slide,1.67,20.8,21,104.3,1,3324,10.6,False
slide,1.67,20.8,21,104.3,1,3324,10.6,False
slide,1.68,20.8,21,104.2,1,3324,10.6,False
slide,1.69,21.0,21,104.1,1,3324,10.5,False
slide,1.69,21.0,21,104.0,1,3324,10.5,False
slide,1.70,21.2,21,103.9,1,3324,10.4,False
slide,1.71,21.2,21,103.9,1,3324,10.4,False
slide,1.71,21.2,21,103.8,1,3324,10.4,False
slide,1.72,21.4,21,103.7,1,3324,10.3,False
slide,1.73,21.4,21,103.6,1,3324,10.3,False
slide,1.73,21.6,22,103.5,1,3324,10.2,False
slide,1.74,21.6,22,103.4,1,3324,10.2,False
slide,1.75,21.6,22,103.4,1,3324,10.2,False
slide,1.75,21.8,22,103.3,1,3324,10.1,False
slide,1.76,21.8,22,103.2,1,3324,10.1,False
slide,1.77,22.0,22,103.1,1,3324,10.0,False
slide,1.77,22.0,22,103.0,1,3324,10.0,False
slide,1.78,22.2,22,102.9,1,3324,9.9,False
slide,1.79,22.2,22,102.8,1,3324,9.9,False
slide,1.80,22.2,22,102.8,1,3324,9.9,False
slide,1.80,22.4,22,102.7,1,3324,9.8,False
slide,1.81,22.4,22,102.6,1,3324,9.8,False
slide,1.82,22.6,23,102.5,1,3324,9.7,False
slide,1.82,22.6,23,102.4,1,3324,9.7,False
slide,1.83,22.6,23,102.4,1,3324,9.7,False
slide,1.84,22.8,23,102.3,1,3324,9.6,False
slide,1.84,22.8,23,102.2,1,3324,9.6,False
slide,1.85,22.9,23,102.1,1,3324,9.4,False
slide,1.86,22.9,23,102.0,1,3324,9.4,False
slide,1.86,22.9,23,102.0,1,3324,9.4,False
slide,1.87,23.1,23,101.9,1,3324,9.3,False
slide,1.87,23.1,23,101.8,1,3324,9.3,False
slide,1.88,23.1,23,101.7,1,3324,9.3,False
slide,1.89,23.3,23,101.7,1,3324,9.1,False
slide,1.89,23.3,23,101.6,1,3324,9.1,False
slide,1.90,23.5,23,101.5,1,3324,8.9,False
slide,1.91,23.5,23,101.4,1,3324,8.9,False
slide,1.91,23.5,23,101.4,1,3324,8.9,False
slide,1.92,23.7,24,101.3,1,3324,8.7,False
slide,1.93,23.7,24,101.2,1,3324,8.7,False
slide,1.94,23.8,24,101.1,1,3324,8.5,False
slide,1.94,23.8,24,101.0,1,3324,8.5,False
slide,1.95,24.0,24,101.0,1,3324,8.3,False
slide,1.96,24.0,24,100.9,1,3324,8.3,False
slide,1.96,24.0,24,100.8,1,3324,8.3,False
slide,1.97,24.2,24,100.7,1,3324,8.1,False
slide,1.98,24.2,24,100.7,1,3324,8.1,False
slide,1.98,24.4,24,100.6,1,3324,7.8,False
slide,1.99,24.4,24,100.5,1,3324,7.8,False
slide,2.00,24.4,24,100.4,1,3324,7.8,False
slide,2.01,24.5,25,100.3,1,3324,7.6,False
slide,2.01,24.5,25,100.3,1,3324,7.6,False
slide,2.02,24.7,25,100.2,1,3324,7.3,False
slide,2.02,24.7,25,100.1,1,3324,7.3,False
slide,2.03,24.8,25,100.0,1,3324,7.0,False
slide,2.04,24.8,25,100.0,1,3324,7.0,False
slide,2.04,24.8,25,99.9,1,3324,7.0,False
slide,2.05,25.0,25,99.8,1,3328,6.7,False
slide,2.06,25.0,25,99.8,1,3328,6.7,False
slide,2.06,25.0,25,99.7,1,3328,6.7,False
slide,2.07,25.2,25,99.6,1,3351,6.4,False
slide,2.08,25.2,25,99.5,1,3351,6.4,False
slide,2.08,25.3,25,99.5,1,3374,6.0,False
slide,2.09,25.3,25,99.4,1,3374,6.0,False
slide,2.10,25.3,25,99.4,1,3374,6.0,False
slide,2.10,25.5,25,99.3,1,3396,5.6,False
slide,2.11,25.5,25,99.2,1,3396,5.6,False
slide,2.12,25.6,26,99.1,1,3419,5.2,False
slide,2.13,25.6,26,99.1,1,3419,5.2,False
slide,2.13,25.8,26,99.0,1,3440,4.8,False
slide,2.14,25.8,26,98.9,1,3440,4.8,False
slide,2.15,25.8,26,98.9,1,3440,4.8,False
slide,2.15,25.9,26,98.8,1,3461,4.4,False
slide,2.16,25.9,26,98.8,1,3461,4.4,False
slide,2.16,25.9,26,98.7,1,3461,4.4,False
slide,2.17,26.0,26,98.6,1,3482,3.9,False
slide,2.18,26.0,26,98.6,1,3482,3.9,False
slide,2.18,26.2,26,98.5,1,3502,3.5,False
slide,2.19,26.2,26,98.5,1,3502,3.5,False
slide,2.20,26.2,26,98.4,1,3502,3.5,False
slide,2.20,26.3,26,98.3,1,3522,2.9,False
slide,2.21,26.3,26,98.3,1,3522,2.9,False
slide,2.22,26.4,26,98.2,1,3541,2.4,False
slide,2.22,26.4,26,98.2,1,3541,2.4,False
slide,2.23,26.6,27,98.1,1,3560,1.8,False
slide,2.25,26.6,27,98.0,1,3560,1.8,False
slide,2.25,26.7,27,97.9,1,3578,1.3,False
slide,2.26,26.7,27,97.9,1,3578,1.3,False
slide,2.27,26.8,27,97.8,1,3595,0.6,False
slide,2.27,26.8,27,97.7,1,3595,0.6,False
slide,2.28,26.8,27,97.7,1,3595,0.6,False
slide,2.29,26.9,27,97.6,1,3612,0.0,False
slide,2.29,26.9,27,97.6,1,3612,0.0,False
slide,2.30,27.0,27,97.5,1,3628,-0.7,False
slide,2.31,27.0,27,97.5,1,3628,-0.7,False
slide,2.31,27.0,27,97.4,1,3628,-0.7,False
slide,2.32,27.2,27,97.4,1,3643,-1.4,False
slide,2.33,27.2,27,97.3,1,3643,-1.4,False
slide,2.33,27.3,27,97.3,1,3657,-2.1,False
slide,2.34,27.3,27,97.2,1,3657,-2.1,False
slide,2.34,27.3,27,97.2,1,3657,-2.1,False
slide,2.35,27.4,27,97.1,1,3671,-2.9,False
slide,2.36,27.4,27,97.1,1,3671,-2.9,False
slide,2.36,27.4,27,97.0,1,3671,-2.9,False
slide,2.37,27.5,27,97.0,1,3683,-3.7,False
slide,2.38,27.5,27,96.9,1,3683,-3.7,False
slide,2.39,27.6,28,96.9,1,3694,-4.5,False
slide,2.39,27.6,28,96.8,1,3694,-4.5,False
slide,2.40,27.6,28,96.8,1,3694,-4.5,False
slide,2.41,27.7,28,96.7,1,3704,-5.3,False
slide,2.41,27.7,28,96.7,1,3704,-5.3,False
slide,2.42,27.8,28,96.6,1,3713,-6.2,False
slide,2.43,27.8,28,96.6,1,3713,-6.2,False
slide,2.43,27.9,28,96.5,1,3720,-7.1,False
slide,2.44,27.9,28,96.5,1,3720,-7.1,False
slide,2.45,27.9,28,96.4,1,3720,-7.1,False
slide,2.45,28.0,28,96.4,1,3726,-8.0,False
slide,2.46,28.0,28,96.3,1,3726,-8.0,False
slide,2.47,28.1,28,96.3,1,3730,-8.9,False
slide,2.47,28.1,28,96.3,1,3730,-8.9,False
slide,2.48,28.1,28,96.2,1,3730,-8.9,False
slide,2.49,28.2,28,96.2,1,3733,-9.8,False
slide,2.49,28.2,28,96.1,1,3733,-9.8,False
slide,2.50,28.2,28,96.1,1,3733,-10.7,False
slide,2.50,28.2,28,96.1,1,3733,-10.7,False
slide,2.51,28.2,28,96.0,1,3733,-10.7,False
slide,2.52,28.3,28,96.0,1,3732,-11.6,False
slide,2.53,28.3,28,95.9,1,3732,-11.6,False
slide,2.53,28.3,28,95.9,1,3732,-11.6,False
slide,2.54,28.4,28,95.9,1,3729,-12.5,False
slide,2.54,28.4,28,95.8,1,3729,-12.5,False
slide,2.55,28.5,28,95.8,1,3724,-13.5,False
slide,2.56,28.5,28,95.8,1,3724,-13.5,False
slide,2.56,28.5,28,95.7,1,3724,-13.5,False
slide,2.57,28.5,29,95.7,1,3717,-14.4,False
slide,2.58,28.5,29,95.7,1,3717,-14.4,False
slide,2.59,28.6,29,95.6,1,3708,-15.4,False
slide,2.59,28.6,29,95.6,1,3708,-15.4,False
slide,2.60,28.6,29,95.6,1,3697,-16.4,False
slide,2.61,28.6,29,95.5,1,3697,-16.4,False
slide,2.61,28.6,29,95.5,1,3697,-16.4,False
slide,2.62,28.6,29,95.5,1,3684,-17.3,False
slide,2.63,28.6,29,95.5,1,3684,-17.3,False
slide,2.63,28.7,29,95.4,1,3669,-18.3,False
slide,2.64,28.7,29,95.4,1,3669,-18.3,False
slide,2.65,28.7,29,95.4,1,3669,-18.3,False
slide,2.65,28.7,29,95.4,1,3652,-19.3,False
slide,2.66,28.7,29,95.3,1,3652,-19.3,False
slide,2.67,28.7,29,95.3,1,3633,-20.3,False
slide,2.67,28.7,29,95.3,1,3633,-20.3,False
slide,2.68,28.7,29,95.3,1,3633,-20.3,False
slide,2.69,28.7,29,95.3,1,3611,-21.3,False
slide,2.69,28.7,29,95.3,1,3611,-21.3,False
slide,2.70,28.7,29,95.2,1,3588,-22.3,False
slide,2.70,28.7,29,95.2,1,3588,-22.3,False
slide,2.71,28.7,29,95.2,1,3588,-22.3,False
slide,2.72,28.7,29,95.2,1,3562,-23.4,False
slide,2.73,28.7,29,95.2,1,3562,-23.4,False
slide,2.73,28.7,29,95.2,1,3534,-24.4,False
slide,2.74,28.7,29,95.2,1,3534,-24.4,False
slide,2.75,28.7,29,95.2,1,3503,-25.4,False
slide,2.76,28.7,29,95.2,1,3503,-25.4,False
slide,2.77,28.7,29,95.1,1,3471,-26.5,False
slide,2.77,28.7,29,95.1,1,3471,-26.5,False
slide,2.78,28.7,29,95.1,1,3471,-26.5,False
slide,2.79,28.7,29,95.1,1,3436,-27.5,False
slide,2.79,28.7,29,95.1,1,3436,-27.5,False
slide,2.80,28.6,29,95.1,1,3399,-28.6,False
slide,2.81,28.6,29,95.1,1,3399,-28.6,False
slide,2.81,28.6,29,95.1,1,3399,-28.6,False
slide,2.82,28.6,29,95.2,1,3360,-29.7,False
slide,2.83,28.6,29,95.2,1,3360,-29.7,False
slide,2.83,28.5,29,95.2,1,3324,-30.8,False
slide,2.84,28.5,29,95.2,1,3324,-30.8,False
slide,2.85,28.5,29,95.2,1,3324,-30.8,False
slide,2.85,28.5,28,95.2,1,3324,-31.9,False
slide,2.86,28.5,28,95.2,1,3324,-31.9,False
slide,2.87,28.4,28,95.2,1,3324,-33.0,False
slide,2.87,28.4,28,95.2,1,3324,-33.0,False
slide,2.88,28.4,28,95.2,1,3324,-33.0,False
slide,2.89,28.3,28,95.3,1,3324,-34.1,False
slide,2.90,28.3,28,95.3,1,3324,-34.1,False
slide,2.90,28.3,28,95.3,1,3324,-35.2,False
slide,2.91,28.3,28,95.3,1,3324,-35.2,False
slide,2.92,28.2,28,95.4,1,3324,-36.3,False
slide,2.92,28.2,28,95.4,1,3324,-36.3,False
slide,2.93,28.2,28,95.4,1,3324,-36.3,False
slide,2.94,28.1,28,95.4,1,3324,-37.4,False
slide,2.94,28.1,28,95.4,1,3324,-37.4,False
slide,2.95,28.0,28,95.5,1,3324,-38.5,False
slide,2.95,28.0,28,95.5,1,3324,-38.5,False
slide,2.96,28.0,28,95.5,1,3324,-38.5,False
slide,2.97,27.9,28,95.6,1,3324,-39.6,False
slide,2.97,27.9,28,95.6,1,3324,-39.6,False
slide,2.98,27.9,28,95.6,1,3324,-39.6,False
slide,2.99,27.8,28,95.6,1,3324,-40.7,False
slide,2.99,27.8,28,95.7,1,3324,-40.7,False
slide,3.00,27.6,28,95.7,1,3324,-41.8,False
slide,3.01,27.6,28,95.8,1,3324,-41.8,False
slide,3.01,27.5,28,95.8,1,3324,-42.9,False
slide,3.02,27.5,28,95.8,1,3324,-42.9,False
slide,3.03,27.5,28,95.9,1,3324,-42.9,False
slide,3.04,27.4,27,95.9,1,3324,-43.9,False
slide,3.04,27.4,27,96.0,1,3324,-43.9,False
slide,3.05,27.2,27,96.0,1,3324,-45.0,False
slide,3.06,27.2,27,96.1,1,3324,-45.0,False
slide,3.06,27.2,27,96.1,1,3324,-45.0,False
slide,3.07,27.1,27,96.2,1,3324,-46.0,False
slide,3.08,27.1,27,96.2,1,3324,-46.0,False
slide,3.08,26.9,27,96.3,1,3324,-47.0,False
slide,3.09,26.9,27,96.3,1,3324,-47.0,False
slide,3.10,26.9,27,96.4,1,3324,-47.0,False
slide,3.10,26.8,27,96.4,1,3324,-48.0,False
slide,3.11,26.8,27,96.5,1,3324,-48.0,False
slide,3.11,26.8,27,96.5,1,3324,-48.0,False
slide,3.12,26.6,27,96.6,1,3324,-48.9,False
slide,3.13,26.6,27,96.6,1,3324,-48.9,False
slide,3.13,26.5,26,96.7,1,3324,-49.9,False
slide,3.14,26.5,26,96.7,1,3324,-49.9,False
slide,3.15,26.5,26,96.8,1,3324,-49.9,False
slide,3.15,26.3,26,96.9,1,3324,-50.8,False
slide,3.16,26.3,26,96.9,1,3324,-50.8,False
slide,3.17,26.1,26,97.0,1,3324,-51.7,False
slide,3.17,26.1,26,97.0,1,3324,-51.7,False
slide,3.18,26.1,26,97.1,1,3324,-51.7,False
slide,3.19,25.9,26,97.2,1,3324,-52.5,False
slide,3.19,25.9,26,97.2,1,3324,-52.5,False
slide,3.20,25.9,26,97.3,1,3324,-52.5,False
slide,3.20,25.7,26,97.4,1,3324,-53.4,False
slide,3.21,25.7,26,97.4,1,3324,-53.4,False
slide,3.22,25.5,26,97.5,1,3324,-54.2,False
slide,3.22,25.5,26,97.6,1,3324,-54.2,False
slide,3.23,25.5,26,97.6,1,3324,-54.2,False
slide,3.24,25.3,25,97.7,1,3324,-55.0,False
slide,3.24,25.3,25,97.8,1,3324,-55.0,False
slide,3.25,25.1,25,97.9,1,3324,-55.7,False
slide,3.26,25.1,25,97.9,1,3324,-55.7,False
slide,3.26,25.1,25,98.0,1,3324,-55.7,False
slide,3.27,24.9,25,98.1,1,3324,-56.4,False
slide,3.27,24.9,25,98.1,1,3324,-56.4,False
slide,3.28,24.7,25,98.2,1,3324,-57.1,False
slide,3.29,24.7,25,98.3,1,3324,-57.1,False
slide,3.29,24.7,25,98.4,1,3324,-57.1,False
slide,3.30,24.5,24,98.4,1,3324,-57.8,False
slide,3.31,24.5,24,98.5,1,3324,-57.8,False
slide,3.31,24.5,24,98.6,1,3324,-57.8,False
slide,3.32,24.3,24,98.7,1,3324,-58.4,False
slide,3.33,24.3,24,98.8,1,3324,-58.4,False
slide,3.33,24.1,24,98.9,1,3324,-59.0,False
slide,3.34,24.1,24,98.9,1,3324,-59.0,False
slide,3.35,24.1,24,99.0,1,3324,-59.0,False
slide,3.35,23.8,24,99.1,1,3324,-59.5,False
slide,3.36,23.8,24,99.2,1,3324,-59.5,False
slide,3.37,23.6,24,99.3,1,3324,-60.1,False
slide,3.37,23.6,24,99.4,1,3324,-60.1,False
slide,3.38,23.6,24,99.4,1,3324,-60.1,False
slide,3.39,23.4,23,99.5,1,3324,-60.5,False
slide,3.39,23.4,23,99.6,1,3324,-60.5,False
slide,3.40,23.1,23,99.7,1,3324,-61.0,False
slide,3.40,23.1,23,99.8,1,3324,-61.0,False
slide,3.41,23.1,23,99.9,1,3324,-61.0,False
slide,3.42,22.9,23,100.0,1,3324,-61.4,False
slide,3.42,22.9,23,100.1,1,3324,-61.4,False
slide,3.43,22.9,23,100.1,1,3324,-61.4,False
slide,3.44,22.7,23,100.2,1,3324,-61.8,False
slide,3.44,22.7,23,100.3,1,3324,-61.8,False
slide,3.45,22.4,22,100.4,1,3324,-62.2,False
slide,3.46,22.4,22,100.5,1,3324,-62.2,False
slide,3.46,22.4,22,100.6,1,3324,-62.2,False
slide,3.47,22.2,22,100.7,1,3324,-62.5,False
slide,3.48,22.2,22,100.8,1,3324,-62.5,False
slide,3.48,22.0,22,100.9,1,3324,-62.8,False
slide,3.49,22.0,22,101.0,1,3324,-62.8,False
slide,3.49,22.0,22,101.1,1,3324,-62.8,False
slide,3.50,21.7,22,101.1,1,3324,-63.0,False
slide,3.51,21.7,22,101.2,1,3324,-63.0,False
slide,3.51,21.7,22,101.3,1,3324,-63.0,False
slide,3.52,21.5,21,101.4,1,3324,-63.3,False
slide,3.53,21.5,21,101.5,1,3324,-63.3,False
slide,3.53,21.2,21,101.6,1,3324,-63.5,False
slide,3.54,21.2,21,101.7,1,3324,-63.5,False
slide,3.54,21.2,21,101.8,1,3324,-63.5,False
slide,3.55,21.0,21,101.9,1,3324,-63.6,False
slide,3.56,21.0,21,102.0,1,3324,-63.6,False
slide,3.56,21.0,21,102.0,1,3324,-63.6,False
slide,3.57,20.7,21,102.1,1,3324,-63.7,False
slide,3.58,20.7,21,102.3,1,3324,-63.7,False
slide,3.58,20.5,20,102.4,1,3324,-63.8,False
slide,3.59,20.5,20,102.5,1,3324,-63.8,False
slide,3.59,20.5,20,102.5,1,3324,-63.8,False
slide,3.60,20.2,20,102.6,1,3324,-63.9,False
slide,3.61,20.2,20,102.7,1,3324,-63.9,False
slide,3.61,20.2,20,102.8,1,3324,-63.9,False
slide,3.62,20.0,20,102.9,1,3324,-63.9,False
slide,3.63,20.0,20,103.0,1,3324,-63.9,False
slide,3.63,19.7,20,103.1,1,3324,-63.9,False
slide,3.64,19.7,20,103.2,1,3324,-63.9,False
slide,3.65,19.7,20,103.3,1,3324,-63.9,False
slide,3.65,19.5,19,103.4,1,3324,-63.9,False
slide,3.66,19.5,19,103.5,1,3324,-63.9,False
slide,3.67,19.2,19,103.6,1,3324,-63.8,False
slide,3.67,19.2,19,103.7,1,3324,-63.8,False
slide,3.68,19.2,19,103.8,1,3324,-63.8,False
slide,3.68,19.0,19,103.9,1,3324,-63.8,False
slide,3.69,19.0,19,104.0,1,3324,-63.8,False
slide,3.70,19.0,19,104.1,1,3324,-63.8,False
slide,3.70,18.8,19,104.2,1,3324,-63.6,False
slide,3.71,18.8,19,104.3,1,3324,-63.6,False
slide,3.72,18.5,19,104.4,1,3324,-63.5,False
slide,3.72,18.5,19,104.5,1,3324,-63.5,False
slide,3.73,18.5,19,104.6,1,3324,-63.5,False
slide,3.74,18.3,18,104.7,1,3324,-63.3,False
slide,3.74,18.3,18,104.8,1,3324,-63.3,False
slide,3.75,18.3,18,104.9,1,3324,-63.3,False
slide,3.75,18.0,18,105.0,1,3324,-63.1,False
slide,3.76,18.0,18,105.1,1,3324,-63.1,False
slide,3.77,17.8,18,105.2,1,3324,-62.8,False
slide,3.77,17.8,18,105.3,1,3324,-62.8,False
slide,3.78,17.8,18,105.4,1,3324,-62.8,False
slide,3.78,17.5,18,105.4,1,3324,-62.5,False
slide,3.79,17.5,18,105.5,1,3324,-62.5,False
slide,3.80,17.5,18,105.6,1,3324,-62.5,False
slide,3.80,17.3,17,105.7,1,3324,-62.2,False
slide,3.81,17.3,17,105.8,1,3324,-62.2,False
slide,3.81,17.1,17,105.9,1,3324,-61.9,False
slide,3.82,17.1,17,106.0,1,3324,-61.9,False
slide,3.83,17.1,17,106.1,1,3324,-61.9,False
slide,3.83,16.8,17,106.2,1,3324,-61.6,False
slide,3.84,16.8,17,106.3,1,3324,-61.6,False
slide,3.85,16.8,17,106.4,1,3324,-61.6,False
slide,3.85,16.6,17,106.5,1,3324,-61.2,False
slide,3.86,16.6,17,106.6,1,3324,-61.2,False
slide,3.87,16.4,16,106.7,1,3324,-60.7,False
slide,3.87,16.4,16,106.8,1,3324,-60.7,False
slide,3.88,16.4,16,106.9,1,3324,-60.7,False
slide,3.89,16.1,16,107.0,1,3324,-60.3,False
slide,3.89,16.1,16,107.1,1,3324,-60.3,False
slide,3.90,16.1,16,107.2,1,3324,-60.3,False
slide,3.90,15.9,16,107.3,1,3324,-59.8,False
slide,3.91,15.9,16,107.4,1,3324,-59.8,False
slide,3.92,15.7,16,107.4,1,3324,-59.3,False
slide,3.92,15.7,16,107.5,1,3324,-59.3,False
slide,3.93,15.7,16,107.6,1,3324,-59.3,False
slide,3.93,15.4,15,107.7,1,3324,-58.7,False
slide,3.94,15.4,15,107.8,1,3324,-58.7,False
slide,3.95,15.2,15,107.9,1,3324,-58.2,False
slide,3.95,15.2,15,108.0,1,3324,-58.2,False
slide,3.96,15.2,15,108.1,1,3324,-58.2,False
slide,3.97,15.0,15,108.1,1,3324,-57.5,False
slide,3.97,15.0,15,108.3,1,3324,-57.5,False
slide,3.98,15.0,15,108.4,1,3324,-57.5,False
slide,3.99,14.8,15,108.4,1,3324,-56.9,False
slide,3.99,14.8,15,108.5,1,3324,-56.9,False
slide,4.00,14.6,15,108.6,1,3324,-56.2,False
slide,4.01,14.6,15,108.7,1,3324,-56.2,False
slide,4.01,14.6,15,108.8,1,3324,-56.2,False
slide,4.02,14.4,14,108.9,1,3324,-55.5,False
slide,4.03,14.4,14,109.0,1,3324,-55.5,False
slide,4.03,14.4,14,109.0,1,3324,-55.5,False
slide,4.04,14.2,14,109.1,1,3324,-54.8,False
slide,4.04,14.2,14,109.2,1,3324,-54.8,False
slide,4.05,14.0,14,109.3,1,3324,-54.0,False
slide,4.06,14.0,14,109.4,1,3324,-54.0,False
slide,4.06,14.0,14,109.5,1,3324,-54.0,False
slide,4.07,13.8,14,109.5,1,3324,-53.2,False
slide,4.07,13.8,14,109.6,1,3324,-53.2,False
slide,4.08,13.8,14,109.7,1,3324,-53.2,False
slide,4.09,13.6,14,109.8,1,3324,-52.3,False
slide,4.09,13.6,14,109.9,1,3324,-52.3,False
slide,4.10,13.4,13,110.0,1,3324,-51.5,False
slide,4.11,13.4,13,110.0,1,3324,-51.5,False
slide,4.11,13.4,13,110.1,1,3324,-51.5,False
slide,4.12,13.2,13,110.2,1,3324,-50.6,False
slide,4.13,13.2,13,110.3,1,3324,-50.6,False
slide,4.13,13.1,13,110.3,1,3324,-49.6,False
slide,4.14,13.1,13,110.4,1,3324,-49.6,False
slide,4.15,13.1,13,110.5,1,3324,-49.6,False
slide,4.15,12.9,13,110.6,1,3324,-48.6,False
slide,4.16,12.9,13,110.7,1,3324,-48.6,False
slide,4.16,12.9,13,110.7,1,3324,-48.6,False
slide,4.17,12.7,13,110.8,1,3324,-47.6,False
slide,4.18,12.7,13,110.9,1,3324,-47.6,False
slide,4.18,12.6,13,111.0,1,3324,-46.6,False
slide,4.19,12.6,13,111.0,1,3324,-46.6,False
slide,4.20,12.6,13,111.1,1,3324,-46.6,False
slide,4.20,12.4,12,111.2,1,3324,-45.5,False
slide,4.21,12.4,12,111.2,1,3324,-45.5,False
slide,4.21,12.4,12,111.3,1,3324,-45.5,False
slide,4.22,12.3,12,111.3,1,3324,-44.4,False
slide,4.23,12.3,12,111.4,1,3324,-44.4,False
slide,4.23,12.2,12,111.5,1,3324,-43.3,False
slide,4.24,12.2,12,111.6,1,3324,-43.3,False
slide,4.25,12.2,12,111.6,1,3324,-43.3,False
slide,4.25,12.0,12,111.7,1,3324,-42.1,False
slide,4.26,12.0,12,111.7,1,3324,-42.1,False
slide,4.26,12.0,12,111.8,1,3324,-42.1,False
slide,4.27,11.9,12,111.9,1,3324,-40.9,False
slide,4.28,11.9,12,111.9,1,3324,-40.9,False
slide,4.28,11.8,12,112.0,1,3324,-39.7,False
slide,4.29,11.8,12,112.0,1,3324,-39.7,False
slide,4.29,11.8,12,112.1,1,3324,-39.7,False
slide,4.30,11.7,12,112.1,1,3324,-38.5,False
slide,4.31,11.7,12,112.2,1,3324,-38.5,False
slide,4.31,11.7,12,112.2,1,3324,-38.5,False
slide,4.32,11.6,12,112.3,1,3324,-37.2,False
slide,4.33,11.6,12,112.3,1,3324,-37.2,False
slide,4.33,11.5,11,112.4,1,3324,-36.0,False
slide,4.34,11.5,11,112.4,1,3324,-36.0,False
slide,4.35,11.5,11,112.5,1,3324,-36.0,False
slide,4.35,11.4,11,112.5,1,3324,-34.7,False
slide,4.36,11.4,11,112.6,1,3324,-34.7,False
slide,4.37,11.4,11,112.6,1,3324,-34.7,False
slide,4.37,11.3,11,112.7,1,3324,-33.4,False
slide,4.38,11.3,11,112.7,1,3324,-33.4,False
slide,4.39,11.3,11,112.8,1,3324,-32.0,False
slide,4.39,11.3,11,112.8,1,3324,-32.0,False
slide,4.40,11.2,11,112.8,1,3324,-30.7,False
slide,4.41,11.2,11,112.9,1,3324,-30.7,False
slide,4.41,11.2,11,112.9,1,3324,-30.7,False
slide,4.42,11.2,11,112.9,1,3324,-29.4,False
slide,4.43,11.2,11,113.0,1,3324,-29.4,False
slide,4.43,11.1,11,113.0,1,3324,-28.0,False
slide,4.44,11.1,11,113.0,1,3324,-28.0,False
slide,4.44,11.1,11,113.1,1,3324,-28.0,False
slide,4.45,11.1,11,113.1,1,3324,-26.7,False
slide,4.46,11.1,11,113.1,1,3324,-26.7,False
slide,4.46,11.1,11,113.2,1,3324,-26.7,False
slide,4.47,11.1,11,113.2,1,3324,-25.3,False
slide,4.48,11.1,11,113.2,1,3324,-25.3,False
slide,4.48,11.0,11,113.2,1,3324,-24.0,False
slide,4.49,11.0,11,113.2,1,3324,-24.0,False
slide,4.50,11.0,11,113.3,1,3324,-24.0,False
slide,4.50,11.0,11,113.3,1,3324,-22.7,False
slide,4.51,11.0,11,113.3,1,3324,-22.7,False
slide,4.52,11.0,11,113.3,1,3324,-21.3,False
slide,4.52,11.0,11,113.3,1,3324,-21.3,False
slide,4.53,11.0,11,113.3,1,3324,-21.3,False
slide,4.53,11.1,11,113.4,1,3324,-20.0,False
slide,4.54,11.1,11,113.4,1,3324,-20.0,False
slide,4.55,11.1,11,113.4,1,3324,-20.0,False
slide,4.55,11.1,11,113.4,1,3324,-18.7,False
slide,4.56,11.1,11,113.4,1,3324,-18.7,False
slide,4.57,11.1,11,113.4,1,3324,-17.4,False
slide,4.57,11.1,11,113.4,1,3324,-17.4,False
slide,4.58,11.1,11,113.4,1,3324,-17.4,False
slide,4.59,11.1,11,113.4,1,3324,-16.1,False
slide,4.59,11.1,11,113.4,1,3324,-16.1,False
slide,4.60,11.1,11,113.4,1,3324,-16.1,False
slide,4.60,11.2,11,113.4,1,3324,-14.9,False
slide,4.61,11.2,11,113.4,1,3324,-14.9,False
slide,4.62,11.2,11,113.4,1,3324,-13.6,False
slide,4.62,11.2,11,113.4,1,3324,-13.6,False
slide,4.63,11.2,11,113.4,1,3324,-13.6,False
slide,4.63,11.3,11,113.4,1,3324,-12.4,False
slide,4.64,11.3,11,113.4,1,3324,-12.4,False
slide,4.65,11.3,11,113.3,1,3324,-11.2,False
slide,4.66,11.3,11,113.3,1,3324,-11.2,False
slide,4.66,11.3,11,113.3,1,3324,-11.2,False
slide,4.67,11.4,11,113.3,1,3324,-10.0,False
slide,4.67,11.4,11,113.3,1,3324,-10.0,False
slide,4.68,11.4,11,113.3,1,3324,-10.0,False
slide,4.69,11.5,11,113.3,1,3324,-8.8,False
slide,4.69,11.5,11,113.2,1,3324,-8.8,False
slide,4.70,11.6,12,113.2,1,3324,-7.6,False
slide,4.70,11.6,12,113.2,1,3324,-7.6,False
slide,4.71,11.6,12,113.2,1,3324,-7.6,False
slide,4.72,11.6,12,113.2,1,3324,-6.4,False
slide,4.72,11.6,12,113.1,1,3324,-6.4,False
slide,4.73,11.6,12,113.1,1,3324,-6.4,False
slide,4.74,11.7,12,113.1,1,3324,-5.3,False
slide,4.74,11.7,12,113.1,1,3324,-5.3,False
slide,4.75,11.8,12,113.1,1,3324,-4.1,False
slide,4.75,11.8,12,113.0,1,3324,-4.1,False
slide,4.76,11.8,12,113.0,1,3324,-4.1,False
slide,4.77,11.9,12,113.0,1,3324,-3.0,False
slide,4.78,11.9,12,112.9,1,3324,-3.0,False
slide,4.78,12.0,12,112.9,1,3324,-1.9,False
slide,4.79,12.0,12,112.9,1,3324,-1.9,False
slide,4.79,12.0,12,112.9,1,3324,-1.9,False
slide,4.80,12.1,12,112.8,1,3324,-0.8,False
slide,4.81,12.1,12,112.8,1,3324,-0.8,False
slide,4.81,12.1,12,112.8,1,3324,-0.8,False
slide,4.82,12.2,12,112.7,1,3324,0.3,False
slide,4.82,12.2,12,112.7,1,3324,0.3,False
slide,4.83,12.2,12,112.7,1,3324,0.3,False
slide,4.84,12.4,12,112.6,1,3324,1.2,False
slide,4.84,12.4,12,112.6,1,3324,1.2,False
slide,4.85,12.5,12,112.5,1,3324,2.1,False
slide,4.86,12.5,12,112.5,1,3324,2.1,False
slide,4.86,12.5,12,112.5,1,3324,2.1,False
slide,4.87,12.6,13,112.4,1,3324,3.0,False
slide,4.87,12.6,13,112.4,1,3324,3.0,False
slide,4.88,12.6,13,112.3,1,3324,3.0,False
slide,4.89,12.8,13,112.3,1,3324,3.7,False
slide,4.89,12.8,13,112.2,1,3324,3.7,False
slide,4.90,13.0,13,112.2,1,3324,4.4,False
slide,4.91,13.0,13,112.1,1,3324,4.4,False
slide,4.91,13.0,13,112.1,1,3324,4.4,False
slide,4.92,13.1,13,112.0,1,3324,5.1,False
slide,4.93,13.1,13,112.0,1,3324,5.1,False
slide,4.93,13.3,13,111.9,1,3324,5.7,False
slide,4.94,13.3,13,111.9,1,3324,5.7,False
slide,4.95,13.3,13,111.8,1,3324,5.7,False
slide,4.95,13.5,13,111.7,1,3324,6.2,False
slide,4.96,13.5,13,111.7,1,3324,6.2,False
slide,4.96,13.5,13,111.6,1,3324,6.2,False
slide,4.97,13.7,14,111.6,1,3324,6.7,False
slide,4.97,13.7,14,111.5,1,3324,6.7,False
slide,4.98,13.9,14,111.5,1,3324,7.2,False
slide,4.99,13.9,14,111.4,1,3324,7.2,False
slide,4.99,13.9,14,111.3,1,3324,7.2,False
slide,5.00,14.1,14,111.3,1,3324,7.6,False
slide,5.01,14.1,14,111.2,1,3324,7.6,False
slide,5.01,14.1,14,111.1,1,3324,7.6,False
slide,5.02,13.8,14,111.1,1,3324,7.7,False
slide,5.02,13.8,14,111.1,1,3324,7.7,False
slide,5.03,13.8,14,111.0,1,3324,7.7,False
slide,5.04,13.5,14,111.0,1,3324,7.8,False
slide,5.04,13.5,14,111.0,1,3324,7.8,False
slide,5.05,13.3,13,111.0,1,3324,7.8,False
slide,5.06,13.3,13,111.0,1,3324,7.8,False
slide,5.06,13.3,13,111.0,1,3324,7.8,False
slide,5.07,13.0,13,111.1,1,3324,7.8,False
slide,5.08,13.0,13,111.1,1,3324,7.8,False
slide,5.08,13.0,13,111.1,1,3324,7.8,False
slide,5.09,12.8,13,111.2,1,3324,7.8,False
slide,5.09,12.8,13,111.2,1,3324,7.8,False
slide,5.10,12.6,13,111.2,1,3324,7.7,False
slide,5.10,12.6,13,111.3,1,3324,7.7,False
slide,5.11,12.6,13,111.3,1,3324,7.7,False
slide,5.12,12.3,12,111.4,1,3324,7.6,False
slide,5.12,12.3,12,111.4,1,3324,7.6,False
slide,5.13,12.3,12,111.5,1,3324,7.6,False
slide,5.13,12.1,12,111.5,1,3324,7.4,False
slide,5.14,12.1,12,111.6,1,3324,7.4,False
slide,5.15,12.1,12,111.7,1,3324,7.4,False
slide,5.15,11.9,12,111.8,1,3324,7.3,False
slide,5.16,11.9,12,111.8,1,3324,7.3,False
slide,5.17,11.7,12,111.9,1,3324,7.2,False
slide,5.18,11.7,12,112.0,1,3324,7.2,False
slide,5.18,11.5,11,112.1,1,3324,7.1,False
slide,5.19,11.5,11,112.2,1,3324,7.1,False
slide,5.20,11.5,11,112.2,1,3324,7.1,False
slide,5.21,11.3,11,112.3,1,3324,7.0,False
slide,5.21,11.3,11,112.4,1,3324,7.0,False
slide,5.22,11.1,11,112.5,1,3324,6.9,False
slide,5.22,11.1,11,112.5,1,3324,6.9,False
slide,5.23,11.1,11,112.6,1,3324,6.9,False
slide,5.24,10.9,11,112.7,1,3324,6.9,False
slide,5.24,10.9,11,112.8,1,3324,6.9,False
slide,5.25,10.7,11,112.8,1,3324,6.8,False
slide,5.26,10.7,11,112.9,1,3324,6.8,False
slide,5.26,10.7,11,113.0,1,3324,6.8,False
slide,5.27,10.5,10,113.1,1,3324,6.8,False
slide,5.27,10.5,10,113.1,1,3324,6.8,False
slide,5.28,10.5,10,113.2,1,3324,6.8,False
slide,5.28,10.3,10,113.3,1,3324,6.8,False
slide,5.29,10.3,10,113.3,1,3324,6.8,False
slide,5.30,10.3,10,113.4,1,3324,6.8,False
slide,5.30,10.1,10,113.5,1,3324,6.8,False
slide,5.31,10.1,10,113.6,1,3324,6.8,False
slide,5.32,9.9,10,113.7,1,3324,6.9,False
slide,5.32,9.9,10,113.7,1,3324,6.9,False
slide,5.33,9.9,10,113.8,1,3324,6.9,False
slide,5.33,9.7,10,113.9,1,3324,6.9,False
slide,5.34,9.7,10,114.0,1,3324,6.9,False
slide,5.35,9.7,10,114.0,1,3324,6.9,False
slide,5.35,9.5,9,114.1,1,3324,7.0,False
slide,5.36,9.5,9,114.2,1,3324,7.0,False
slide,5.36,9.5,9,114.2,1,3324,7.0,False
slide,5.37,9.7,10,114.3,1,3324,7.3,False
slide,5.38,9.7,10,114.3,1,3324,7.3,False
slide,5.38,9.9,10,114.4,1,3324,7.8,False
slide,5.39,9.9,10,114.4,1,3324,7.8,False
slide,5.39,9.9,10,114.4,1,3324,7.8,False
slide,5.40,10.1,10,114.4,1,3324,8.4,False
slide,5.41,10.1,10,114.4,1,3324,8.4,False
slide,5.41,10.1,10,114.4,1,3324,8.4,False
slide,5.42,10.3,10,114.4,1,3324,9.1,False
slide,5.42,10.3,10,114.4,1,3324,9.1,False
slide,5.43,10.3,10,114.4,1,3324,9.1,False
slide,5.44,10.5,11,114.4,1,3324,9.7,False
slide,5.45,10.5,11,114.3,1,3324,9.7,False
slide,5.45,10.8,11,114.3,1,3324,10.4,False
slide,5.46,10.8,11,114.3,1,3324,10.4,False
slide,5.46,10.8,11,114.2,1,3324,10.4,False
slide,5.47,11.0,11,114.2,1,3324,11.1,False
slide,5.48,11.0,11,114.1,1,3324,11.1,False
slide,5.48,11.3,11,114.1,1,3324,11.7,False
slide,5.49,11.3,11,114.0,1,3324,11.7,False
slide,5.49,11.3,11,114.0,1,3324,11.7,False
slide,5.50,11.5,12,113.9,1,3324,12.2,False
slide,5.51,11.5,12,113.8,1,3324,12.2,False
slide,5.51,11.5,12,113.8,1,3324,12.2,False
slide,5.52,11.7,12,113.7,1,3324,12.4,False
slide,5.53,11.7,12,113.6,1,3324,12.4,False
slide,5.53,12.0,12,113.6,1,3324,12.6,False
slide,5.54,12.0,12,113.5,1,3324,12.6,False
slide,5.54,12.0,12,113.4,1,3324,12.6,False
slide,5.55,12.2,12,113.3,1,3324,12.7,False
slide,5.56,12.2,12,113.3,1,3324,12.7,False
slide,5.56,12.2,12,113.2,1,3324,12.7,False
slide,5.57,12.4,12,113.1,1,3324,12.8,False
slide,5.58,12.4,12,113.0,1,3324,12.8,False
slide,5.58,12.7,13,112.9,1,3324,12.8,False
slide,5.59,12.7,13,112.8,1,3324,12.8,False
slide,5.60,12.7,13,112.7,1,3324,12.8,False
slide,5.60,12.9,13,112.6,1,3324,12.8,False
slide,5.61,12.9,13,112.5,1,3324,12.8,False
slide,5.62,13.1,13,112.5,1,3324,12.7,False
slide,5.62,13.1,13,112.4,1,3324,12.7,False
slide,5.63,13.1,13,112.3,1,3324,12.7,False
slide,5.64,13.4,13,112.2,1,3324,12.7,False
slide,5.64,13.4,13,112.1,1,3324,12.7,False
slide,5.65,13.6,14,112.0,1,3324,12.6,False
slide,5.65,13.6,14,111.9,1,3324,12.6,False
slide,5.66,13.6,14,111.9,1,3324,12.6,False
slide,5.67,13.8,14,111.8,1,3324,12.5,False
slide,5.67,13.8,14,111.7,1,3324,12.5,False
slide,5.68,13.8,14,111.6,1,3324,12.5,False
slide,5.69,14.0,14,111.5,1,3324,12.4,False
slide,5.69,14.0,14,111.4,1,3324,12.4,False
slide,5.70,14.2,14,111.3,1,3324,12.3,False
slide,5.71,14.2,14,111.2,1,3324,12.3,False
slide,5.71,14.2,14,111.2,1,3324,12.3,False
slide,5.72,14.4,14,111.1,1,3324,12.3,False
slide,5.72,14.4,14,111.0,1,3324,12.3,False
slide,5.73,14.4,14,110.9,1,3324,12.3,False
slide,5.74,14.7,15,110.8,1,3324,12.2,False
slide,5.74,14.7,15,110.8,1,3324,12.2,False
slide,5.75,14.9,15,110.7,1,3324,12.1,False
slide,5.76,14.9,15,110.6,1,3324,12.1,False
slide,5.76,14.9,15,110.5,1,3324,12.1,False
slide,5.77,15.1,15,110.4,1,3324,12.1,False
slide,5.77,15.1,15,110.3,1,3324,12.1,False
slide,5.78,15.1,15,110.3,1,3324,12.1,False
slide,5.79,15.3,15,110.2,1,3324,12.0,False
slide,5.79,15.3,15,110.1,1,3324,12.0,False
slide,5.80,15.5,15,110.0,1,3324,12.0,False
slide,5.80,15.5,15,109.9,1,3324,12.0,False
slide,5.81,15.5,15,109.9,1,3324,12.0,False
slide,5.82,15.7,16,109.8,1,3324,11.9,False
slide,5.82,15.7,16,109.7,1,3324,11.9,False
slide,5.83,15.7,16,109.6,1,3324,11.9,False
slide,5.84,15.9,16,109.5,1,3324,11.9,False
slide,5.84,15.9,16,109.4,1,3324,11.9,False
slide,5.85,16.1,16,109.4,1,3324,11.9,False
slide,5.86,16.1,16,109.3,1,3324,11.9,False
slide,5.86,16.1,16,109.2,1,3324,11.9,False
slide,5.87,16.3,16,109.1,1,3324,11.9,False
slide,5.87,16.3,16,109.0,1,3324,11.9,False
slide,5.88,16.3,16,109.0,1,3324,11.9,False
slide,5.89,16.5,16,108.9,1,3324,11.8,False
slide,5.89,16.5,16,108.8,1,3324,11.8,False
slide,5.90,16.7,17,108.7,1,3324,11.8,False
slide,5.91,16.7,17,108.6,1,3324,11.8,False
slide,5.91,16.7,17,108.6,1,3324,11.8,False
slide,5.92,16.9,17,108.5,1,3324,11.8,False
slide,5.92,16.9,17,108.4,1,3324,11.8,False
slide,5.93,16.9,17,108.3,1,3324,11.8,False
slide,5.94,17.1,17,108.2,1,3324,11.7,False
slide,5.94,17.1,17,108.2,1,3324,11.7,False
slide,5.95,17.1,17,108.1,1,3324,11.7,False
slide,5.95,17.3,17,108.0,1,3324,11.7,False
slide,5.96,17.3,17,107.9,1,3324,11.7,False
slide,5.97,17.5,18,107.8,1,3324,11.6,False
slide,5.97,17.5,18,107.7,1,3324,11.6,False
slide,5.98,17.5,18,107.7,1,3324,11.6,False
slide,5.98,17.7,18,107.6,1,3324,11.6,False
slide,5.99,17.7,18,107.5,1,3324,11.6,False
slide,6.00,17.7,18,107.5,1,3324,11.6,False
slide,6.00,17.9,18,107.4,1,3324,11.5,False
slide,6.01,17.9,18,107.3,1,3324,11.5,False
slide,6.02,18.1,18,107.2,1,3324,11.5,False
slide,6.02,18.1,18,107.1,1,3324,11.5,False
slide,6.03,18.1,18,107.1,1,3324,11.5,False
slide,6.03,18.3,18,107.0,1,3324,11.4,False
slide,6.04,18.3,18,106.9,1,3324,11.4,False
slide,6.04,18.3,18,106.8,1,3324,11.4,False
slide,6.05,18.5,19,106.8,1,3324,11.3,False
slide,6.06,18.5,19,106.7,1,3324,11.3,False
slide,6.06,18.5,19,106.6,1,3324,11.3,False
slide,6.07,18.7,19,106.5,1,3324,11.3,False
slide,6.08,18.7,19,106.4,1,3324,11.3,False
slide,6.08,18.9,19,106.4,1,3324,11.2,False
slide,6.09,18.9,19,106.3,1,3324,11.2,False
slide,6.10,18.9,19,106.2,1,3324,11.2,False
slide,6.10,19.1,19,106.1,1,3324,11.1,False
slide,6.11,19.1,19,106.0,1,3324,11.1,False
slide,6.11,19.1,19,106.0,1,3324,11.1,False
slide,6.12,19.3,19,105.9,1,3324,11.1,False
slide,6.13,19.3,19,105.8,1,3324,11.1,False
slide,6.13,19.3,19,105.8,1,3324,11.1,False
slide,6.14,19.6,20,105.7,1,3324,11.0,False
slide,6.14,19.6,20,105.6,1,3324,11.0,False
slide,6.15,19.8,20,105.5,1,3324,10.9,False
slide,6.16,19.8,20,105.4,1,3324,10.9,False
slide,6.16,19.8,20,105.4,1,3324,10.9,False
slide,6.17,20.0,20,105.3,1,3324,10.9,False
slide,6.17,20.0,20,105.2,1,3324,10.9,False
slide,6.18,20.2,20,105.1,1,3324,10.8,False
slide,6.19,20.2,20,105.0,1,3324,10.8,False
slide,6.19,20.2,20,104.9,1,3324,10.8,False
slide,6.20,20.4,20,104.9,1,3324,10.7,False
slide,6.21,20.4,20,104.8,1,3324,10.7,False
slide,6.21,20.4,20,104.7,1,3324,10.7,False
slide,6.22,20.6,21,104.6,1,3324,10.7,False
slide,6.23,20.6,21,104.5,1,3324,10.7,False
slide,6.23,20.8,21,104.4,1,3324,10.6,False
slide,6.24,20.8,21,104.4,1,3324,10.6,False
slide,6.25,20.8,21,104.3,1,3324,10.6,False
slide,6.25,21.0,21,104.2,1,3324,10.5,False
slide,6.26,21.0,21,104.1,1,3324,10.5,False
slide,6.26,21.0,21,104.1,1,3324,10.5,False
slide,6.27,21.2,21,104.0,1,3324,10.4,False
slide,6.28,21.2,21,103.9,1,3324,10.4,False
slide,6.28,21.4,21,103.8,1,3324,10.3,False
slide,6.29,21.4,21,103.7,1,3324,10.3,False
slide,6.30,21.4,21,103.7,1,3324,10.3,False
slide,6.30,21.5,22,103.6,1,3324,10.3,False
slide,6.31,21.5,22,103.5,1,3324,10.3,False
slide,6.31,21.5,22,103.5,1,3324,10.3,False
slide,6.32,21.7,22,103.4,1,3324,10.2,False
slide,6.32,21.7,22,103.3,1,3324,10.2,False
slide,6.33,21.7,22,103.2,1,3324,10.2,False
slide,6.34,21.9,22,103.2,1,3324,10.1,False
slide,6.34,21.9,22,103.1,1,3324,10.1,False
slide,6.35,21.9,22,103.0,1,3324,10.1,False
slide,6.36,22.1,22,102.9,1,3324,10.0,False
slide,6.36,22.1,22,102.9,1,3324,10.0,False
slide,6.37,22.3,22,102.8,1,3324,9.9,False
slide,6.37,22.3,22,102.7,1,3324,9.9,False
slide,6.38,22.3,22,102.6,1,3324,9.9,False
slide,6.39,22.5,23,102.6,1,3324,9.8,False
slide,6.39,22.5,23,102.5,1,3324,9.8,False
slide,6.40,22.5,23,102.4,1,3324,9.8,False
slide,6.40,22.7,23,102.4,1,3324,9.6,False
slide,6.41,22.7,23,102.3,1,3324,9.6,False
slide,6.42,22.9,23,102.2,1,3324,9.5,False
slide,6.42,22.9,23,102.1,1,3324,9.5,False
slide,6.43,22.9,23,102.1,1,3324,9.5,False
slide,6.43,23.1,23,102.0,1,3324,9.4,False
slide,6.44,23.1,23,101.9,1,3324,9.4,False
slide,6.45,23.1,23,101.8,1,3324,9.4,False
slide,6.45,23.2,23,101.8,1,3324,9.2,False
slide,6.46,23.2,23,101.7,1,3324,9.2,False
slide,6.46,23.2,23,101.6,1,3324,9.2,False
slide,6.47,23.4,23,101.6,1,3324,9.0,False
slide,6.48,23.4,23,101.5,1,3324,9.0,False
slide,6.48,23.6,24,101.4,1,3324,8.8,False
slide,6.49,23.6,24,101.3,1,3324,8.8,False
slide,6.49,23.6,24,101.3,1,3324,8.8,False
slide,6.50,23.8,24,101.2,1,3324,8.6,False
slide,6.51,23.8,24,101.1,1,3324,8.6,False
slide,6.51,23.8,24,101.1,1,3324,8.6,False
slide,6.52,23.9,24,101.0,1,3324,8.4,False
slide,6.53,23.9,24,100.9,1,3324,8.4,False
slide,6.53,24.1,24,100.9,1,3324,8.2,False
slide,6.54,24.1,24,100.8,1,3324,8.2,False
slide,6.54,24.1,24,100.7,1,3324,8.2,False
slide,6.55,24.3,24,100.7,1,3324,8.0,False
slide,6.56,24.3,24,100.6,1,3324,8.0,False
slide,6.56,24.3,24,100.5,1,3324,8.0,False
slide,6.57,24.5,24,100.5,1,3324,7.7,False
slide,6.57,24.5,24,100.4,1,3324,7.7,False
slide,6.58,24.5,24,100.3,1,3324,7.7,False
slide,6.59,24.6,25,100.3,1,3324,7.4,False
slide,6.59,24.6,25,100.2,1,3324,7.4,False
slide,6.60,24.6,25,100.1,1,3324,7.4,False
slide,6.60,24.8,25,100.1,1,3324,7.1,False
slide,6.61,24.8,25,100.0,1,3324,7.1,False
slide,6.62,24.9,25,99.9,1,3324,6.8,False
slide,6.62,24.9,25,99.8,1,3324,6.8,False
slide,6.63,24.9,25,99.8,1,3324,6.8,False
slide,6.64,25.1,25,99.7,1,3341,6.5,False
slide,6.64,25.1,25,99.6,1,3341,6.5,False
slide,6.65,25.2,25,99.6,1,3364,6.2,False
slide,6.65,25.2,25,99.5,1,3364,6.2,False
slide,6.66,25.2,25,99.5,1,3364,6.2,False
slide,6.67,25.4,25,99.4,1,3387,5.8,False
slide,6.67,25.4,25,99.3,1,3387,5.8,False
slide,6.68,25.4,25,99.3,1,3387,5.8,False
slide,6.69,25.5,26,99.2,1,3409,5.4,False
slide,6.69,25.5,26,99.1,1,3409,5.4,False
slide,6.70,25.5,26,99.1,1,3409,5.4,False
slide,6.70,25.7,26,99.0,1,3431,5.0,False
slide,6.71,25.7,26,99.0,1,3431,5.0,False
slide,6.72,25.8,26,98.9,1,3452,4.6,False
slide,6.72,25.8,26,98.9,1,3452,4.6,False
slide,6.73,25.8,26,98.8,1,3452,4.6,False
slide,6.73,26.0,26,98.7,1,3473,4.1,False
slide,6.74,26.0,26,98.7,1,3473,4.1,False
slide,6.75,26.1,26,98.6,1,3494,3.7,False
slide,6.75,26.1,26,98.6,1,3494,3.7,False
slide,6.76,26.1,26,98.5,1,3494,3.7,False
slide,6.77,26.2,26,98.4,1,3514,3.2,False
slide,6.77,26.2,26,98.4,1,3514,3.2,False
slide,6.78,26.2,26,98.3,1,3514,3.2,False
slide,6.78,26.4,26,98.3,1,3533,2.6,False
slide,6.79,26.4,26,98.2,1,3533,2.6,False
slide,6.80,26.4,26,98.2,1,3533,2.6,False
slide,6.80,26.5,26,98.1,1,3552,2.1,False
slide,6.81,26.5,26,98.1,1,3552,2.1,False
slide,6.82,26.6,27,98.0,1,3570,1.5,False
slide,6.82,26.6,27,98.0,1,3570,1.5,False
slide,6.83,26.6,27,97.9,1,3570,1.5,False
slide,6.83,26.7,27,97.9,1,3588,0.9,False
slide,6.84,26.7,27,97.8,1,3588,0.9,False
slide,6.84,26.7,27,97.8,1,3588,0.9,False
slide,6.85,26.9,27,97.7,1,3605,0.3,False
slide,6.86,26.9,27,97.7,1,3605,0.3,False
slide,6.86,26.9,27,97.6,1,3605,0.3,False
slide,6.87,27.0,27,97.6,1,3621,-0.4,False
slide,6.88,27.0,27,97.5,1,3621,-0.4,False
slide,6.88,27.1,27,97.5,1,3637,-1.1,False
slide,6.89,27.1,27,97.4,1,3637,-1.1,False
slide,6.89,27.1,27,97.4,1,3637,-1.1,False
slide,6.90,27.2,27,97.3,1,3651,-1.8,False
slide,6.91,27.2,27,97.3,1,3651,-1.8,False
slide,6.91,27.2,27,97.2,1,3651,-1.8,False
slide,6.92,27.3,27,97.2,1,3665,-2.6,False
slide,6.92,27.3,27,97.1,1,3665,-2.6,False
slide,6.93,27.3,27,97.1,1,3665,-2.6,False
slide,6.94,27.4,27,97.0,1,3678,-3.4,False
slide,6.94,27.4,27,97.0,1,3678,-3.4,False
slide,6.95,27.5,28,96.9,1,3690,-4.2,False
slide,6.95,27.5,28,96.9,1,3690,-4.2,False
slide,6.96,27.5,28,96.9,1,3690,-4.2,False
slide,6.97,27.7,28,96.8,1,3700,-5.0,False
slide,6.97,27.7,28,96.8,1,3700,-5.0,False
slide,6.98,27.7,28,96.7,1,3700,-5.0,False
slide,6.98,27.8,28,96.7,1,3710,-5.8,False
slide,6.99,27.8,28,96.6,1,3710,-5.8,False
slide,7.00,27.8,28,96.6,1,3710,-5.8,False
slide,7.00,27.9,28,96.5,1,3718,-6.7,False
slide,7.01,27.9,28,96.5,1,3718,-6.7,False
slide,7.02,28.0,28,96.5,1,3724,-7.6,False
slide,7.02,28.0,28,96.4,1,3724,-7.6,False
slide,7.03,28.0,28,96.4,1,3724,-7.6,False
slide,7.04,28.0,28,96.3,1,3729,-8.5,False
slide,7.04,28.0,28,96.3,1,3729,-8.5,False
slide,7.05,28.1,28,96.2,1,3732,-9.4,False
slide,7.06,28.1,28,96.2,1,3732,-9.4,False
slide,7.06,28.1,28,96.2,1,3732,-9.4,False
slide,7.07,28.2,28,96.1,1,3733,-10.3,False
slide,7.07,28.2,28,96.1,1,3733,-10.3,False
slide,7.08,28.2,28,96.1,1,3733,-10.3,False
slide,7.09,28.3,28,96.0,1,3733,-11.2,False
slide,7.09,28.3,28,96.0,1,3733,-11.2,False
slide,7.10,28.4,28,95.9,1,3731,-12.2,False
slide,7.10,28.4,28,95.9,1,3731,-12.2,False
slide,7.11,28.4,28,95.9,1,3731,-12.2,False
slide,7.12,28.4,28,95.8,1,3726,-13.1,False
slide,7.12,28.4,28,95.8,1,3726,-13.1,False
slide,7.13,28.4,28,95.8,1,3726,-13.1,False
slide,7.14,28.5,28,95.7,1,3720,-14.0,False
slide,7.14,28.5,28,95.7,1,3720,-14.0,False
slide,7.15,28.5,29,95.7,1,3712,-15.0,False
slide,7.16,28.5,29,95.6,1,3712,-15.0,False
slide,7.16,28.5,29,95.6,1,3712,-15.0,False
slide,7.17,28.6,29,95.6,1,3702,-15.9,False
slide,7.17,28.6,29,95.6,1,3702,-15.9,False
slide,7.18,28.6,29,95.5,1,3702,-15.9,False
slide,7.19,28.6,29,95.5,1,3690,-16.9,False
slide,7.19,28.6,29,95.5,1,3690,-16.9,False
slide,7.20,28.7,29,95.5,1,3676,-17.9,False
slide,7.21,28.7,29,95.4,1,3676,-17.9,False
slide,7.21,28.7,29,95.4,1,3676,-17.9,False
slide,7.22,28.7,29,95.4,1,3659,-18.9,False
slide,7.22,28.7,29,95.4,1,3659,-18.9,False
slide,7.23,28.7,29,95.4,1,3659,-18.9,False
slide,7.24,28.7,29,95.3,1,3641,-19.9,False
slide,7.24,28.7,29,95.3,1,3641,-19.9,False
slide,7.25,28.7,29,95.3,1,3641,-19.9,False
slide,7.25,28.7,29,95.3,1,3620,-20.9,False
slide,7.26,28.7,29,95.3,1,3620,-20.9,False
slide,7.27,28.7,29,95.3,1,3598,-21.9,False
slide,7.27,28.7,29,95.2,1,3598,-21.9,False
slide,7.28,28.7,29,95.2,1,3598,-21.9,False
slide,7.29,28.7,29,95.2,1,3573,-22.9,False
slide,7.29,28.7,29,95.2,1,3573,-22.9,False
slide,7.30,28.7,29,95.2,1,3546,-23.9,False
slide,7.31,28.7,29,95.2,1,3546,-23.9,False
slide,7.31,28.7,29,95.2,1,3546,-23.9,False
slide,7.32,28.7,29,95.2,1,3516,-25.0,False
slide,7.32,28.7,29,95.2,1,3516,-25.0,False
slide,7.33,28.7,29,95.2,1,3516,-25.0,False
slide,7.34,28.7,29,95.2,1,3485,-26.0,False
slide,7.34,28.7,29,95.1,1,3485,-26.0,False
slide,7.35,28.7,29,95.1,1,3451,-27.1,False
slide,7.36,28.7,29,95.1,1,3451,-27.1,False
slide,7.36,28.7,29,95.1,1,3451,-27.1,False
slide,7.37,28.6,29,95.1,1,3415,-28.2,False
slide,7.37,28.6,29,95.1,1,3415,-28.2,False
slide,7.38,28.6,29,95.1,1,3415,-28.2,False
slide,7.38,28.6,29,95.1,1,3377,-29.2,False
slide,7.39,28.6,29,95.2,1,3377,-29.2,False
slide,7.40,28.6,29,95.2,1,3336,-30.3,False
slide,7.40,28.6,29,95.2,1,3336,-30.3,False
slide,7.41,28.6,29,95.2,1,3336,-30.3,False
slide,7.42,28.5,29,95.2,1,3324,-31.4,False
slide,7.42,28.5,29,95.2,1,3324,-31.4,False
slide,7.43,28.5,29,95.2,1,3324,-31.4,False
slide,7.44,28.4,28,95.2,1,3324,-32.5,False
slide,7.44,28.4,28,95.2,1,3324,-32.5,False
slide,7.45,28.4,28,95.2,1,3324,-32.5,False
slide,7.45,28.4,28,95.2,1,3324,-33.6,False
slide,7.46,28.4,28,95.3,1,3324,-33.6,False
slide,7.47,28.3,28,95.3,1,3324,-34.7,False
slide,7.47,28.3,28,95.3,1,3324,-34.7,False
slide,7.48,28.3,28,95.3,1,3324,-34.7,False
slide,7.48,28.2,28,95.3,1,3324,-35.8,False
slide,7.49,28.2,28,95.4,1,3324,-35.8,False
slide,7.50,28.2,28,95.4,1,3324,-35.8,False
slide,7.50,28.1,28,95.4,1,3324,-37.0,False
slide,7.51,28.1,28,95.4,1,3324,-37.0,False
slide,7.51,27.7,28,95.5,1,3324,-38.5,False
slide,7.52,27.7,28,95.5,1,3324,-38.5,False
slide,7.53,27.7,28,95.6,1,3324,-38.5,False
slide,7.53,27.3,27,95.6,1,3324,-40.1,False
slide,7.54,27.3,27,95.7,1,3324,-40.1,False
slide,7.55,27.3,27,95.8,1,3324,-40.1,False
slide,7.55,26.9,27,95.8,1,3324,-41.6,False
slide,7.56,26.9,27,95.9,1,3324,-41.6,False
slide,7.56,26.9,27,96.0,1,3324,-41.6,False
slide,7.57,26.4,26,96.1,1,3324,-43.1,False
slide,7.58,26.4,26,96.2,1,3324,-43.1,False
slide,7.58,26.0,26,96.3,1,3324,-44.6,False
slide,7.59,26.0,26,96.4,1,3324,-44.6,False
slide,7.59,26.0,26,96.5,1,3324,-44.6,False
slide,7.60,25.6,26,96.6,1,3324,-46.1,False
slide,7.61,25.6,26,96.8,1,3324,-46.1,False
slide,7.61,25.6,26,96.9,1,3324,-46.1,False
slide,7.62,25.2,25,97.0,1,3324,-47.6,False
slide,7.62,25.2,25,97.1,1,3324,-47.6,False
slide,7.63,25.2,25,97.3,1,3324,-47.6,False
slide,7.64,24.7,25,97.4,1,3324,-49.0,False
slide,7.64,24.7,25,97.5,1,3324,-49.0,False
slide,7.65,24.3,24,97.7,1,3324,-50.5,False
slide,7.66,24.3,24,97.9,1,3324,-50.5,False
slide,7.66,24.3,24,98.0,1,3324,-50.5,False
slide,7.67,23.9,24,98.1,1,3324,-51.9,False
slide,7.67,23.9,24,98.3,1,3324,-51.9,False
slide,7.68,23.9,24,98.4,1,3324,-51.9,False
slide,7.69,23.4,23,98.6,1,3324,-53.3,False
slide,7.69,23.4,23,98.7,1,3324,-53.3,False
slide,7.70,23.4,23,98.8,1,3324,-53.3,False
slide,7.70,23.0,23,99.0,1,3324,-54.6,False
slide,7.71,23.0,23,99.2,1,3324,-54.6,False
slide,7.72,22.5,23,99.3,1,3324,-56.0,False
slide,7.72,22.5,23,99.5,1,3324,-56.0,False
slide,7.73,22.5,23,99.6,1,3324,-56.0,False
slide,7.73,22.1,22,99.8,1,3324,-57.3,False
slide,7.74,22.1,22,100.0,1,3324,-57.3,False
slide,7.75,22.1,22,100.1,1,3324,-57.3,False
slide,7.75,21.7,22,100.3,1,3324,-58.6,False
slide,7.76,21.7,22,100.4,1,3324,-58.6,False
slide,7.76,21.2,21,100.6,1,3324,-59.9,False
slide,7.77,21.2,21,100.8,1,3324,-59.9,False
slide,7.78,21.2,21,100.9,1,3324,-59.9,False
slide,7.79,20.8,21,101.2,1,3324,-61.1,False
slide,7.79,20.8,21,101.3,1,3324,-61.1,False
slide,7.80,20.4,20,101.5,1,3324,-62.3,False
slide,7.80,20.4,20,101.7,1,3324,-62.3,False
slide,7.81,20.4,20,101.8,1,3324,-62.3,False
slide,7.82,19.9,20,102.0,1,3324,-63.5,False
slide,7.82,19.9,20,102.1,1,3324,-63.5,False
slide,7.83,19.9,20,102.3,1,3324,-63.5,False
slide,7.83,19.5,19,102.4,1,3324,-64.7,False
slide,7.84,19.5,19,102.6,1,3324,-64.7,False
slide,7.85,19.5,19,102.8,1,3324,-64.7,False
slide,7.85,19.0,19,102.9,1,3324,-65.8,False
slide,7.86,19.0,19,103.1,1,3324,-65.8,False
slide,7.86,19.0,19,103.2,1,3324,-65.8,False
slide,7.87,18.8,19,103.4,1,3324,-66.2,False
slide,7.88,18.8,19,103.5,1,3324,-66.2,False
slide,7.88,18.5,19,103.7,1,3324,-66.5,False
slide,7.89,18.5,19,103.8,1,3324,-66.5,False
slide,7.89,18.5,19,104.0,1,3324,-66.5,False
slide,7.90,18.2,18,104.1,1,3324,-66.7,False
slide,7.91,18.2,18,104.2,1,3324,-66.7,False
slide,7.91,18.2,18,104.4,1,3324,-66.7,False
slide,7.92,18.0,18,104.6,1,3324,-66.9,False
slide,7.93,18.0,18,104.7,1,3324,-66.9,False
slide,7.93,17.7,18,104.8,1,3324,-67.1,False
slide,7.94,17.7,18,104.9,1,3324,-67.1,False
slide,7.94,17.7,18,105.1,1,3324,-67.1,False
slide,7.95,17.4,17,105.2,1,3324,-67.2,False
slide,7.96,17.4,17,105.3,1,3324,-67.2,False
slide,7.96,17.4,17,105.4,1,3324,-67.2,False
slide,7.97,17.2,17,105.5,1,3324,-67.2,False
slide,7.97,17.2,17,105.6,1,3324,-67.2,False
slide,7.98,16.9,17,105.8,1,3324,-67.2,False
slide,7.99,16.9,17,105.9,1,3324,-67.2,False
slide,7.99,16.9,17,106.0,1,3324,-67.2,False
slide,8.00,16.7,17,106.1,1,3324,-67.2,False
slide,8.01,16.7,17,106.2,1,3324,-67.2,False
slide,8.01,16.7,17,106.3,1,3324,-67.2,False
slide,8.02,16.4,16,106.5,1,3324,-67.0,False
slide,8.03,16.4,16,106.6,1,3324,-67.0,False
slide,8.03,16.2,16,106.7,1,3324,-66.9,False
slide,8.04,16.2,16,106.8,1,3324,-66.9,False
slide,8.05,15.9,16,107.0,1,3324,-66.7,False
slide,8.06,15.9,16,107.1,1,3324,-66.7,False
slide,8.06,15.9,16,107.2,1,3324,-66.7,False
slide,8.07,15.7,16,107.3,1,3324,-66.4,False
slide,8.08,15.7,16,107.4,1,3324,-66.4,False
slide,8.08,15.4,15,107.5,1,3324,-66.1,False
slide,8.09,15.4,15,107.6,1,3324,-66.1,False
slide,8.09,15.4,15,107.7,1,3324,-66.1,False
slide,8.10,15.2,15,107.8,1,3324,-65.7,False
slide,8.11,15.2,15,107.9,1,3324,-65.7,False
slide,8.11,15.2,15,108.0,1,3324,-65.7,False
slide,8.12,14.9,15,108.1,1,3324,-65.3,False
slide,8.12,14.9,15,108.2,1,3324,-65.3,False
slide,8.13,14.9,15,108.3,1,3324,-65.3,False
slide,8.14,14.7,15,108.4,1,3324,-64.8,False
slide,8.14,14.7,15,108.5,1,3324,-64.8,False
slide,8.15,14.4,14,108.6,1,3324,-64.4,False
slide,8.15,14.4,14,108.7,1,3324,-64.4,False
slide,8.16,14.4,14,108.8,1,3324,-64.4,False
slide,8.17,14.2,14,108.9,1,3324,-63.8,False
slide,8.17,14.2,14,109.0,1,3324,-63.8,False
slide,8.18,14.2,14,109.1,1,3324,-63.8,False
slide,8.19,13.9,14,109.2,1,3324,-63.3,False
slide,8.19,13.9,14,109.3,1,3324,-63.3,False
slide,8.20,13.7,14,109.4,1,3324,-62.6,False
slide,8.21,13.7,14,109.5,1,3324,-62.6,False
slide,8.21,13.7,14,109.6,1,3324,-62.6,False
slide,8.22,13.5,13,109.7,1,3324,-62.0,False
slide,8.22,13.5,13,109.8,1,3324,-62.0,False
slide,8.23,13.5,13,109.9,1,3324,-62.0,False
slide,8.24,13.2,13,110.0,1,3324,-61.3,False
slide,8.24,13.2,13,110.1,1,3324,-61.3,False
slide,8.25,13.0,13,110.2,1,3324,-60.6,False
slide,8.25,13.0,13,110.3,1,3324,-60.6,False
slide,8.26,13.0,13,110.3,1,3324,-60.6,False
slide,8.27,12.8,13,110.4,1,3324,-59.9,False
slide,8.27,12.8,13,110.5,1,3324,-59.9,False
slide,8.28,12.8,13,110.6,1,3324,-59.9,False
slide,8.28,12.5,13,110.7,1,3324,-59.1,False
slide,8.29,12.5,13,110.8,1,3324,-59.1,False
slide,8.30,12.5,13,110.9,1,3324,-59.1,False
slide,8.30,12.3,12,111.0,1,3324,-58.3,False
slide,8.31,12.3,12,111.1,1,3324,-58.3,False
slide,8.32,12.1,12,111.2,1,3324,-57.4,False
slide,8.32,12.1,12,111.3,1,3324,-57.4,False
slide,8.33,12.1,12,111.3,1,3324,-57.4,False
slide,8.33,11.9,12,111.4,1,3324,-56.5,False
slide,8.34,11.9,12,111.5,1,3324,-56.5,False
slide,8.35,11.7,12,111.6,1,3324,-55.5,False
slide,8.35,11.7,12,111.7,1,3324,-55.5,False
slide,8.36,11.7,12,111.8,1,3324,-55.5,False
slide,8.37,11.5,11,111.9,1,3324,-54.5,False
slide,8.37,11.5,11,112.0,1,3324,-54.5,False
slide,8.38,11.5,11,112.1,1,3324,-54.5,False
slide,8.39,11.3,11,112.2,1,3324,-53.5,False
slide,8.39,11.3,11,112.2,1,3324,-53.5,False
slide,8.40,11.1,11,112.3,1,3324,-52.4,False
slide,8.41,11.1,11,112.4,1,3324,-52.4,False
slide,8.41,11.1,11,112.5,1,3324,-52.4,False
slide,8.42,10.9,11,112.6,1,3324,-51.2,False
slide,8.42,10.9,11,112.7,1,3324,-51.2,False
slide,8.43,10.9,11,112.7,1,3324,-51.2,False
slide,8.44,10.7,11,112.8,1,3324,-50.0,False
slide,8.44,10.7,11,112.9,1,3324,-50.0,False
slide,8.45,10.5,11,113.0,1,3324,-48.8,False
slide,8.46,10.5,11,113.1,1,3324,-48.8,False
slide,8.46,10.5,11,113.1,1,3324,-48.8,False
slide,8.47,10.4,10,113.2,1,3324,-47.5,False
slide,8.48,10.4,10,113.3,1,3324,-47.5,False
slide,8.48,10.2,10,113.4,1,3324,-46.2,False
slide,8.49,10.2,10,113.4,1,3324,-46.2,False
slide,8.49,10.2,10,113.5,1,3324,-46.2,False
slide,8.50,10.1,10,113.6,1,3324,-44.8,False
slide,8.51,10.1,10,113.6,1,3324,-44.8,False
slide,8.51,10.1,10,113.7,1,3324,-44.8,False
slide,8.52,9.9,10,113.8,1,3324,-43.4,False
slide,8.53,9.9,10,113.9,1,3324,-43.4,False
slide,8.53,9.8,10,113.9,1,3324,-42.0,False
slide,8.54,9.8,10,114.0,1,3324,-42.0,False
slide,8.54,9.8,10,114.0,1,3324,-42.0,False
slide,8.55,9.7,10,114.1,1,3324,-40.5,False
slide,8.56,9.7,10,114.2,1,3324,-40.5,False
slide,8.56,9.7,10,114.2,1,3324,-40.5,False
slide,8.57,9.6,10,114.3,1,3324,-39.0,False
slide,8.58,9.6,10,114.4,1,3324,-39.0,False
slide,8.58,9.5,9,114.4,1,3324,-37.4,False
slide,8.59,9.5,9,114.5,1,3324,-37.4,False
slide,8.59,9.5,9,114.5,1,3324,-37.4,False
slide,8.60,9.4,9,114.6,1,3324,-35.8,False
slide,8.61,9.4,9,114.6,1,3324,-35.8,False
slide,8.61,9.4,9,114.7,1,3324,-35.8,False
slide,8.62,9.3,9,114.7,1,3324,-34.2,False
slide,8.62,9.3,9,114.7,1,3324,-34.2,False
slide,8.63,9.3,9,114.8,1,3324,-34.2,False
slide,8.64,9.2,9,114.8,1,3324,-32.6,False
slide,8.64,9.2,9,114.9,1,3324,-32.6,False
slide,8.65,9.2,9,114.9,1,3324,-30.9,False
slide,8.65,9.2,9,115.0,1,3324,-30.9,False
slide,8.66,9.2,9,115.0,1,3324,-30.9,False
slide,8.67,9.1,9,115.0,1,3324,-29.2,False
slide,8.67,9.1,9,115.1,1,3324,-29.2,False
slide,8.68,9.1,9,115.1,1,3324,-29.2,False
slide,8.68,9.1,9,115.1,1,3324,-27.5,False
slide,8.69,9.1,9,115.2,1,3324,-27.5,False
slide,8.70,9.1,9,115.2,1,3324,-27.5,False
slide,8.70,9.0,9,115.2,1,3324,-25.8,False
slide,8.71,9.0,9,115.2,1,3324,-25.8,False
slide,8.72,9.0,9,115.3,1,3324,-24.0,False
slide,8.72,9.0,9,115.3,1,3324,-24.0,False
slide,8.73,9.0,9,115.3,1,3324,-24.0,False
slide,8.73,9.0,9,115.3,1,3324,-22.3,False
slide,8.74,9.0,9,115.4,1,3324,-22.3,False
slide,8.75,9.0,9,115.4,1,3324,-22.3,False
slide,8.75,9.0,9,115.4,1,3324,-20.5,False
slide,8.76,9.0,9,115.4,1,3324,-20.5,False
slide,8.77,9.0,9,115.4,1,3324,-18.7,False
slide,8.77,9.0,9,115.4,1,3324,-18.7,False
slide,8.78,9.0,9,115.5,1,3324,-18.7,False
slide,8.78,9.0,9,115.5,1,3324,-17.0,False
slide,8.79,9.0,9,115.5,1,3324,-17.0,False
slide,8.80,9.0,9,115.5,1,3324,-17.0,False
slide,8.80,9.0,9,115.5,1,3324,-15.2,False
slide,8.81,9.0,9,115.5,1,3324,-15.2,False
slide,8.81,9.0,9,115.5,1,3324,-13.3,False
slide,8.82,9.0,9,115.5,1,3324,-13.3,False
slide,8.83,9.0,9,115.5,1,3324,-13.3,False
slide,8.84,9.1,9,115.5,1,3324,-11.5,False
slide,8.84,9.1,9,115.5,1,3324,-11.5,False
slide,8.85,9.1,9,115.5,1,3324,-11.5,False
slide,8.85,9.1,9,115.5,1,3324,-9.8,False
slide,8.86,9.1,9,115.5,1,3324,-9.8,False
slide,8.86,9.2,9,115.5,1,3324,-8.1,False
slide,8.87,9.2,9,115.5,1,3324,-8.1,False
slide,8.88,9.2,9,115.5,1,3324,-8.1,False
slide,8.88,9.2,9,115.5,1,3324,-6.5,False
slide,8.89,9.2,9,115.5,1,3324,-6.5,False
slide,8.90,9.2,9,115.5,1,3324,-6.5,False
slide,8.90,9.3,9,115.5,1,3324,-5.0,False
slide,8.91,9.3,9,115.5,1,3324,-5.0,False
slide,8.91,9.3,9,115.5,1,3324,-5.0,False
slide,8.92,9.4,9,115.4,1,3324,-3.7,False
slide,8.93,9.4,9,115.4,1,3324,-3.7,False
slide,8.93,9.4,9,115.4,1,3324,-3.7,False
slide,8.94,9.6,10,115.4,1,3324,-2.4,False
slide,8.94,9.6,10,115.3,1,3324,-2.4,False
slide,8.95,9.7,10,115.3,1,3324,-1.3,False
slide,8.96,9.7,10,115.3,1,3324,-1.3,False
slide,8.96,9.7,10,115.2,1,3324,-1.3,False
slide,8.97,9.8,10,115.2,1,3324,-0.2,False
slide,8.98,9.8,10,115.2,1,3324,-0.2,False
slide,8.98,10.0,10,115.1,1,3324,0.8,False
slide,8.99,10.0,10,115.1,1,3324,0.8,False
slide,9.00,10.0,10,115.1,1,3324,0.8,False
slide,9.00,10.2,10,115.0,1,3324,1.8,False
slide,9.01,10.2,10,115.0,1,3324,1.8,False
slide,9.01,10.2,10,114.9,1,3324,1.8,False
slide,9.02,10.3,10,114.9,1,3324,2.7,False
slide,9.02,10.3,10,114.8,1,3324,2.7,False
slide,9.03,10.3,10,114.8,1,3324,2.7,False
slide,9.04,10.5,11,114.7,1,3324,3.5,False
slide,9.04,10.5,11,114.7,1,3324,3.5,False
slide,9.05,10.7,11,114.6,1,3324,4.4,False
slide,9.05,10.7,11,114.6,1,3324,4.4,False
slide,9.06,10.7,11,114.5,1,3324,4.4,False
slide,9.07,10.9,11,114.5,1,3324,5.1,False
slide,9.07,10.9,11,114.4,1,3324,5.1,False
slide,9.08,10.9,11,114.3,1,3324,5.1,False
slide,9.09,11.1,11,114.3,1,3324,5.9,False
slide,9.09,11.1,11,114.2,1,3324,5.9,False
slide,9.10,11.3,11,114.1,1,3324,6.6,False
slide,9.11,11.3,11,114.1,1,3324,6.6,False
slide,9.11,11.3,11,114.0,1,3324,6.6,False
slide,9.12,11.5,12,113.9,1,3324,7.3,False
slide,9.13,11.5,12,113.9,1,3324,7.3,False
slide,9.13,11.7,12,113.8,1,3324,7.9,False
slide,9.14,11.7,12,113.7,1,3324,7.9,False
slide,9.14,11.7,12,113.6,1,3324,7.9,False
slide,9.15,11.9,12,113.6,1,3324,8.6,False
slide,9.16,11.9,12,113.5,1,3324,8.6,False
slide,9.16,11.9,12,113.4,1,3324,8.6,False
slide,9.17,12.1,12,113.4,1,3324,9.2,False
slide,9.18,12.1,12,113.3,1,3324,9.2,False
slide,9.18,12.4,12,113.2,1,3324,9.8,False
slide,9.19,12.4,12,113.1,1,3324,9.8,False
slide,9.20,12.4,12,113.0,1,3324,9.8,False
slide,9.20,12.6,13,113.0,1,3324,10.4,False
slide,9.21,12.6,13,112.9,1,3324,10.4,False
slide,9.22,12.8,13,112.8,1,3324,10.9,False
slide,9.22,12.8,13,112.7,1,3324,10.9,False
slide,9.23,13.0,13,112.6,1,3324,11.4,False
slide,9.24,13.0,13,112.5,1,3324,11.4,False
slide,9.25,13.0,13,112.4,1,3324,11.4,False
slide,9.25,13.3,13,112.3,1,3324,11.9,False
slide,9.26,13.3,13,112.2,1,3324,11.9,False
slide,9.26,13.3,13,112.1,1,3324,11.9,False
slide,9.27,13.5,13,112.1,1,3324,12.1,False
slide,9.28,13.5,13,112.0,1,3324,12.1,False
slide,9.28,13.7,14,111.9,1,3324,12.3,False
slide,9.29,13.7,14,111.8,1,3324,12.3,False
slide,9.30,13.7,14,111.7,1,3324,12.3,False
slide,9.30,13.9,14,111.6,1,3324,12.4,False
slide,9.31,13.9,14,111.5,1,3324,12.4,False
slide,9.32,14.1,14,111.4,1,3324,12.4,False
slide,9.32,14.1,14,111.3,1,3324,12.4,False
slide,9.33,14.1,14,111.3,1,3324,12.4,False
slide,9.33,14.4,14,111.2,1,3324,12.4,False
slide,9.34,14.4,14,111.1,1,3324,12.4,False
slide,9.35,14.4,14,111.0,1,3324,12.4,False
slide,9.35,14.6,15,110.9,1,3324,12.4,False
slide,9.36,14.6,15,110.8,1,3324,12.4,False
slide,9.37,14.8,15,110.7,1,3324,12.4,False
slide,9.38,14.8,15,110.6,1,3324,12.4,False
slide,9.38,14.8,15,110.6,1,3324,12.4,False
slide,9.39,15.0,15,110.5,1,3324,12.3,False
slide,9.39,15.0,15,110.4,1,3324,12.3,False
slide,9.40,15.2,15,110.3,1,3324,12.3,False
slide,9.41,15.2,15,110.2,1,3324,12.3,False
slide,9.41,15.2,15,110.1,1,3324,12.3,False
slide,9.42,15.4,15,110.0,1,3324,12.2,False
slide,9.43,15.4,15,109.9,1,3324,12.2,False
slide,9.43,15.6,16,109.9,1,3324,12.1,False
slide,9.44,15.6,16,109.8,1,3324,12.1,False
slide,9.45,15.6,16,109.7,1,3324,12.1,False
slide,9.45,15.8,16,109.6,1,3324,12.0,False
slide,9.46,15.8,16,109.5,1,3324,12.0,False
slide,9.47,16.0,16,109.4,1,3324,12.0,False
slide,9.47,16.0,16,109.4,1,3324,12.0,False
slide,9.48,16.0,16,109.3,1,3324,12.0,False
slide,9.48,16.2,16,109.2,1,3324,11.9,False
slide,9.49,16.2,16,109.1,1,3324,11.9,False
slide,9.50,16.2,16,109.0,1,3324,11.9,False
slide,9.50,16.4,16,108.9,1,3324,11.8,False
slide,9.51,16.4,16,108.8,1,3324,11.8,False
slide,9.52,16.7,17,108.7,1,3324,11.8,False
slide,9.52,16.7,17,108.7,1,3324,11.8,False
slide,9.53,16.7,17,108.6,1,3324,11.8,False
slide,9.54,16.9,17,108.5,1,3324,11.7,False
slide,9.54,16.9,17,108.4,1,3324,11.7,False
slide,9.55,17.1,17,108.3,1,3324,11.7,False
slide,9.56,17.1,17,108.3,1,3324,11.7,False
slide,9.56,17.1,17,108.2,1,3324,11.7,False
slide,9.57,17.3,17,108.1,1,3324,11.6,False
slide,9.58,17.3,17,108.0,1,3324,11.6,False
slide,9.58,17.3,17,107.9,1,3324,11.6,False
slide,9.59,17.5,17,107.8,1,3324,11.6,False
slide,9.59,17.5,17,107.8,1,3324,11.6,False
slide,9.60,17.7,18,107.7,1,3324,11.5,False
slide,9.61,17.7,18,107.6,1,3324,11.5,False
slide,9.61,17.7,18,107.5,1,3324,11.5,False
slide,9.62,17.9,18,107.4,1,3324,11.5,False
slide,9.63,17.9,18,107.3,1,3324,11.5,False
slide,9.63,17.9,18,107.3,1,3324,11.5,False
slide,9.64,18.1,18,107.2,1,3324,11.4,False
slide,9.65,18.1,18,107.1,1,3324,11.4,False
slide,9.65,18.3,18,107.0,1,3324,11.4,False
slide,9.66,18.3,18,106.9,1,3324,11.4,False
slide,9.67,18.5,19,106.8,1,3324,11.3,False
slide,9.67,18.5,19,106.7,1,3324,11.3,False
slide,9.68,18.5,19,106.7,1,3324,11.3,False
slide,9.69,18.7,19,106.6,1,3324,11.3,False
slide,9.69,18.7,19,106.5,1,3324,11.3,False
slide,9.70,18.9,19,106.4,1,3324,11.2,False
slide,9.71,18.9,19,106.3,1,3324,11.2,False
slide,9.71,18.9,19,106.2,1,3324,11.2,False
slide,9.72,19.1,19,106.2,1,3324,11.2,False
slide,9.72,19.1,19,106.1,1,3324,11.2,False
slide,9.73,19.3,19,106.0,1,3324,11.1,False
slide,9.74,19.3,19,105.9,1,3324,11.1,False
slide,9.74,19.3,19,105.8,1,3324,11.1,False
slide,9.75,19.5,20,105.7,1,3324,11.0,False
slide,9.76,19.5,20,105.7,1,3324,11.0,False
slide,9.76,19.5,20,105.6,1,3324,11.0,False
slide,9.77,19.7,20,105.5,1,3324,11.0,False
slide,9.78,19.7,20,105.4,1,3324,11.0,False
slide,9.78,19.9,20,105.3,1,3324,10.9,False
slide,9.79,19.9,20,105.2,1,3324,10.9,False
slide,9.80,19.9,20,105.2,1,3324,10.9,False
slide,9.80,20.1,20,105.1,1,3324,10.8,False
slide,9.81,20.1,20,105.0,1,3324,10.8,False
slide,9.82,20.3,20,104.9,1,3324,10.8,False
slide,9.82,20.3,20,104.8,1,3324,10.8,False
slide,9.83,20.3,20,104.8,1,3324,10.8,False
slide,9.83,20.5,21,104.7,1,3324,10.7,False
slide,9.84,20.5,21,104.6,1,3324,10.7,False
slide,9.85,20.5,21,104.5,1,3324,10.7,False
slide,9.85,20.7,21,104.4,1,3324,10.6,False
slide,9.86,20.7,21,104.4,1,3324,10.6,False
slide,9.87,20.9,21,104.3,1,3324,10.5,False
slide,9.87,20.9,21,104.2,1,3324,10.5,False
slide,9.88,20.9,21,104.1,1,3324,10.5,False
slide,9.89,21.1,21,104.0,1,3324,10.4,False
slide,9.89,21.1,21,104.0,1,3324,10.4,False
slide,9.90,21.3,21,103.9,1,3324,10.4,False
slide,9.91,21.3,21,103.8,1,3324,10.4,False
slide,9.91,21.3,21,103.7,1,3324,10.4,False
slide,9.92,21.5,21,103.6,1,3324,10.3,False
slide,9.93,21.5,21,103.5,1,3324,10.3,False
slide,9.93,21.7,22,103.4,1,3324,10.2,False
slide,9.94,21.7,22,103.4,1,3324,10.2,False
slide,9.95,21.7,22,103.3,1,3324,10.2,False
slide,9.95,21.9,22,103.2,1,3324,10.1,False
slide,9.96,21.9,22,103.1,1,3324,10.1,False
slide,9.97,22.1,22,103.1,1,3324,10.0,False
slide,9.97,22.1,22,103.0,1,3324,10.0,False
slide,9.98,22.1,22,102.9,1,3324,10.0,False
slide,9.99,22.3,22,102.8,1,3324,9.9,False
slide,9.99,22.3,22,102.7,1,3324,9.9,False
slide,10.00,22.3,22,102.7,1,3324,9.9,False
slide,10.00,22.5,22,102.6,1,3324,9.8,False
slide,10.01,22.5,22,102.5,1,3324,9.8,False
slide,10.02,22.2,22,102.5,1,3324,9.5,False
slide,10.02,22.2,22,102.4,1,3324,9.5,False
